TripCode,Time,SampleID,Depth,Nitrate,Phosphate,Silicate
PHB20090223,2009-02-24,PHB20090223_0,0,0.0,0.09,0.3
PHB20090223,2009-02-24,PHB20090223_10,10,0.1,0.11,-0.1
PHB20090223,2009-02-24,PHB20090223_20,20,2.4,0.35,0.9
PHB20090223,2009-02-24,PHB20090223_25,25,4.3,0.54,1.9
PHB20090223,2009-02-24,PHB20090223_30,30,5.6,0.67,2.5
PHB20090223,2009-02-24,PHB20090223_40,40,7.0,0.62,2.4
PHB20090223,2009-02-24,PHB20090223_50,50,8.2,0.74,3.5
PHB20090223,2009-02-24,PHB20090223_60,60,9.6,0.76,3.8
PHB20090223,2009-02-24,PHB20090223_75,75,10.1,0.78,4.3
PHB20090223,2009-02-24,PHB20090223_100,100,8.8,0.85,6.4
PHB20090318,2009-03-19,PHB20090318_0,0,0.0,0.04,0.0
PHB20090318,2009-03-19,PHB20090318_10,10,0.0,0.05,0.0
PHB20090318,2009-03-19,PHB20090318_20,20,0.0,0.07,0.0
PHB20090318,2009-03-19,PHB20090318_25,25,0.1,0.09,0.0
PHB20090318,2009-03-19,PHB20090318_30,30,4.3,0.35,0.9
PHB20090318,2009-03-19,PHB20090318_40,40,5.0,0.38,1.3
PHB20090318,2009-03-19,PHB20090318_50,50,5.7,0.42,1.7
PHB20090318,2009-03-19,PHB20090318_60,60,6.7,0.47,2.2
PHB20090318,2009-03-19,PHB20090318_75,75,7.8,0.54,2.5
PHB20090318,2009-03-19,PHB20090318_100,100,9.8,0.68,3.8
PHB20090422,2009-04-23,PHB20090422_0,0,0.0,0.07,1.0
PHB20090422,2009-04-23,PHB20090422_10,10,0.1,0.07,0.7
PHB20090422,2009-04-23,PHB20090422_20,20,0.5,0.3,0.8
PHB20090422,2009-04-23,PHB20090422_25,25,0.5,0.11,0.8
PHB20090422,2009-04-23,PHB20090422_30,30,0.7,0.13,0.9
PHB20090422,2009-04-23,PHB20090422_40,40,0.8,0.14,0.9
PHB20090422,2009-04-23,PHB20090422_50,50,1.0,0.15,0.9
PHB20090422,2009-04-23,PHB20090422_60,60,1.0,0.15,0.9
PHB20090422,2009-04-23,PHB20090422_75,75,1.2,0.15,0.9
PHB20090422,2009-04-23,PHB20090422_100,100,3.0,0.29,1.9
PHB20090518,2009-05-19,PHB20090518_0,0,0.3,0.12,0.8
PHB20090518,2009-05-19,PHB20090518_10,10,0.2,0.12,0.8
PHB20090518,2009-05-19,PHB20090518_20,20,0.3,0.13,0.8
PHB20090518,2009-05-19,PHB20090518_25,25,0.7,0.15,0.9
PHB20090518,2009-05-19,PHB20090518_30,30,0.8,0.15,1.0
PHB20090518,2009-05-19,PHB20090518_40,40,1.9,0.22,1.2
PHB20090518,2009-05-19,PHB20090518_50,50,1.9,0.22,1.2
PHB20090518,2009-05-19,PHB20090518_60,60,4.2,0.36,1.8
PHB20090518,2009-05-19,PHB20090518_75,75,6.8,0.52,2.4
PHB20090518,2009-05-19,PHB20090518_100,100,8.3,0.64,3.1
PHB20090623,2009-06-24,PHB20090623_0,0,0.6,0.14,0.9
PHB20090623,2009-06-24,PHB20090623_10,10,0.8,0.15,0.9
PHB20090623,2009-06-24,PHB20090623_20,20,3.2,0.29,1.3
PHB20090623,2009-06-24,PHB20090623_25,25,3.9,0.33,1.4
PHB20090623,2009-06-24,PHB20090623_30,30,3.4,0.31,1.4
PHB20090623,2009-06-24,PHB20090623_40,40,5.5,0.47,2.3
PHB20090623,2009-06-24,PHB20090623_50,50,5.6,0.46,2.2
PHB20090623,2009-06-24,PHB20090623_60,60,7.3,0.61,3.0
PHB20090623,2009-06-24,PHB20090623_75,75,8.5,0.64,3.2
PHB20090623,2009-06-24,PHB20090623_100,100,8.6,0.64,3.2
PHB20090714,2009-07-15,PHB20090714_0,0,2.1,0.22,1.3
PHB20090714,2009-07-15,PHB20090714_10,10,2.3,0.22,1.3
PHB20090714,2009-07-15,PHB20090714_20,20,3.4,0.3,1.7
PHB20090714,2009-07-15,PHB20090714_25,25,3.7,0.32,1.8
PHB20090714,2009-07-15,PHB20090714_30,30,4.1,0.34,1.9
PHB20090714,2009-07-15,PHB20090714_40,40,4.7,0.4,2.0
PHB20090714,2009-07-15,PHB20090714_50,50,4.7,0.38,2.0
PHB20090714,2009-07-15,PHB20090714_60,60,4.7,0.39,2.0
PHB20090714,2009-07-15,PHB20090714_75,75,4.6,0.37,2.0
PHB20090714,2009-07-15,PHB20090714_100,100,4.4,0.39,1.9
PHB20090819,2009-08-20,PHB20090819_0,0,0.5,0.11,0.7
PHB20090819,2009-08-20,PHB20090819_10,10,0.5,0.11,0.7
PHB20090819,2009-08-20,PHB20090819_20,20,0.5,0.11,0.7
PHB20090819,2009-08-20,PHB20090819_25,25,0.5,0.11,0.7
PHB20090819,2009-08-20,PHB20090819_30,30,0.5,0.11,0.7
PHB20090819,2009-08-20,PHB20090819_40,40,1.5,0.16,0.9
PHB20090819,2009-08-20,PHB20090819_50,50,4.5,0.35,1.8
PHB20090819,2009-08-20,PHB20090819_60,60,5.3,0.4,2.1
PHB20090819,2009-08-20,PHB20090819_75,75,6.1,0.45,2.4
PHB20090819,2009-08-20,PHB20090819_100,100,8.9,0.63,3.7
PHB20090920,2009-09-21,PHB20090920_0,0,1.4,0.16,0.7
PHB20090920,2009-09-21,PHB20090920_10,10,2.5,0.03,1.0
PHB20090920,2009-09-21,PHB20090920_20,20,8.4,0.72,2.8
PHB20090920,2009-09-21,PHB20090920_25,25,8.6,0.69,2.5
PHB20090920,2009-09-21,PHB20090920_30,30,9.2,0.63,2.6
PHB20090920,2009-09-21,PHB20090920_40,40,9.7,0.65,3.0
PHB20090920,2009-09-21,PHB20090920_50,50,9.4,0.26,3.0
PHB20090920,2009-09-21,PHB20090920_60,60,6.8,0.37,1.8
PHB20090920,2009-09-21,PHB20090920_75,75,6.0,0.27,1.6
PHB20090920,2009-09-21,PHB20090920_100,100,5.9,0.33,1.7
PHB20090924,2009-09-25,PHB20090924_0,0,2.8,0.25,0.8
PHB20090924,2009-09-25,PHB20090924_10,10,1.3,0.16,0.1
PHB20090924,2009-09-25,PHB20090924_20,20,2.6,0.22,0.7
PHB20090924,2009-09-25,PHB20090924_25,25,2.7,0.22,0.6
PHB20090924,2009-09-25,PHB20090924_30,30,2.6,0.25,0.6
PHB20090924,2009-09-25,PHB20090924_40,40,2.7,0.22,0.6
PHB20090924,2009-09-25,PHB20090924_50,50,5.4,0.38,1.5
PHB20090924,2009-09-25,PHB20090924_60,60,7.0,0.44,2.0
PHB20090924,2009-09-25,PHB20090924_75,75,7.1,0.46,2.0
PHB20090924,2009-09-25,PHB20090924_100,100,7.9,0.5,2.4
PHB20091011,2009-10-12,PHB20091011_0,0,0.5,0.15,0.7
PHB20091011,2009-10-12,PHB20091011_10,10,0.3,0.16,0.7
PHB20091011,2009-10-12,PHB20091011_20,20,0.3,0.18,0.6
PHB20091011,2009-10-12,PHB20091011_25,25,0.4,0.51,0.7
PHB20091011,2009-10-12,PHB20091011_30,30,0.7,0.17,0.7
PHB20091011,2009-10-12,PHB20091011_40,40,1.7,0.21,0.9
PHB20091011,2009-10-12,PHB20091011_50,50,2.4,0.24,1.1
PHB20091011,2009-10-12,PHB20091011_60,60,2.6,0.24,1.1
PHB20091011,2009-10-12,PHB20091011_75,75,2.5,0.27,1.5
PHB20091011,2009-10-12,PHB20091011_100,100,7.7,0.56,3.5
PHB20091018,2009-10-19,PHB20091018_0,0,0.0,0.08,0.2
PHB20091018,2009-10-19,PHB20091018_10,10,0.0,0.08,0.2
PHB20091018,2009-10-19,PHB20091018_20,20,0.0,0.1,0.2
PHB20091018,2009-10-19,PHB20091018_25,25,0.0,0.08,0.3
PHB20091018,2009-10-19,PHB20091018_30,30,0.1,0.77,0.2
PHB20091018,2009-10-19,PHB20091018_40,40,3.2,0.25,0.9
PHB20091018,2009-10-19,PHB20091018_50,50,,0.33,1.5
PHB20091018,2009-10-19,PHB20091018_60,60,7.0,0.43,2.1
PHB20091018,2009-10-19,PHB20091018_75,75,9.2,0.52,2.8
PHB20091018,2009-10-19,PHB20091018_100,100,10.7,0.59,3.7
PHB20091110,2009-11-11,PHB20091110_0,0,0.1,0.1,0.0
PHB20091110,2009-11-11,PHB20091110_10,10,0.1,0.09,0.0
PHB20091110,2009-11-11,PHB20091110_20,20,0.1,0.1,0.0
PHB20091110,2009-11-11,PHB20091110_25,25,0.1,0.12,0.1
PHB20091110,2009-11-11,PHB20091110_30,30,4.3,0.41,1.9
PHB20091110,2009-11-11,PHB20091110_40,40,4.0,0.39,1.8
PHB20091110,2009-11-11,PHB20091110_50,50,7.5,0.57,3.1
PHB20091110,2009-11-11,PHB20091110_60,60,9.3,0.68,4.1
PHB20091110,2009-11-11,PHB20091110_75,75,10.1,0.72,4.3
PHB20091110,2009-11-11,PHB20091110_100,100,10.2,0.74,4.2
PHB20091206,2009-12-07,PHB20091206_0,0,0.0,0.07,0.4
PHB20091206,2009-12-07,PHB20091206_10,10,0.1,0.07,0.3
PHB20091206,2009-12-07,PHB20091206_20,20,0.0,0.06,0.2
PHB20091206,2009-12-07,PHB20091206_25,25,0.0,0.0,0.7
PHB20091206,2009-12-07,PHB20091206_30,30,0.0,0.06,0.2
PHB20091206,2009-12-07,PHB20091206_40,40,0.1,0.08,0.3
PHB20091206,2009-12-07,PHB20091206_50,50,4.3,0.32,1.6
PHB20091206,2009-12-07,PHB20091206_60,60,0.0,0.0,0.7
PHB20091206,2009-12-07,PHB20091206_75,75,2.5,0.18,0.6
PHB20091206,2009-12-07,PHB20091206_100,100,10.0,0.65,4.2
PHB20100119,2010-01-20,PHB20100119_0,0,0.1,0.08,0.1
PHB20100119,2010-01-20,PHB20100119_10,10,0.0,0.08,0.1
PHB20100119,2010-01-20,PHB20100119_20,20,0.0,0.09,2.5
PHB20100119,2010-01-20,PHB20100119_25,25,2.2,0.25,1.1
PHB20100119,2010-01-20,PHB20100119_30,30,1.8,0.24,3.8
PHB20100119,2010-01-20,PHB20100119_40,40,4.5,0.42,2.6
PHB20100119,2010-01-20,PHB20100119_50,50,9.3,0.91,4.6
PHB20100119,2010-01-20,PHB20100119_60,60,5.8,0.56,3.2
PHB20100119,2010-01-20,PHB20100119_75,75,11.0,0.92,6.4
PHB20100119,2010-01-20,PHB20100119_100,100,11.0,0.84,5.7
PHB20100218,2010-02-19,PHB20100218_0,0,0.0,0.08,0.4
PHB20100218,2010-02-19,PHB20100218_10,10,0.0,0.09,0.4
PHB20100218,2010-02-19,PHB20100218_20,20,0.1,0.13,0.2
PHB20100218,2010-02-19,PHB20100218_25,25,,,
PHB20100218,2010-02-19,PHB20100218_30,30,0.1,0.12,0.4
PHB20100218,2010-02-19,PHB20100218_40,40,0.1,0.07,0.4
PHB20100218,2010-02-19,PHB20100218_50,50,0.1,0.09,0.4
PHB20100218,2010-02-19,PHB20100218_60,60,1.3,0.23,1.0
PHB20100218,2010-02-19,PHB20100218_75,75,8.8,0.71,4.0
PHB20100218,2010-02-19,PHB20100218_100,100,9.4,0.71,3.5
PHB20100316,2010-03-17,PHB20100316_0,0,0.0,0.06,0.1
PHB20100316,2010-03-17,PHB20100316_10,10,0.1,0.03,0.1
PHB20100316,2010-03-17,PHB20100316_20,20,0.0,0.08,0.2
PHB20100316,2010-03-17,PHB20100316_25,25,0.2,0.11,0.5
PHB20100316,2010-03-17,PHB20100316_30,30,5.0,0.43,1.9
PHB20100316,2010-03-17,PHB20100316_40,40,7.4,0.54,2.5
PHB20100316,2010-03-17,PHB20100316_50,50,8.7,0.64,3.4
PHB20100316,2010-03-17,PHB20100316_60,60,9.3,0.67,3.4
PHB20100316,2010-03-17,PHB20100316_75,75,10.5,0.75,3.8
PHB20100316,2010-03-17,PHB20100316_100,100,10.9,0.79,4.2
PHB20100413,2010-04-14,PHB20100413_0,0,0.1,0.07,0.5
PHB20100413,2010-04-14,PHB20100413_10,10,0.0,0.08,0.7
PHB20100413,2010-04-14,PHB20100413_20,20,0.0,0.08,0.8
PHB20100413,2010-04-14,PHB20100413_25,25,0.1,0.1,0.9
PHB20100413,2010-04-14,PHB20100413_30,30,0.0,0.28,0.8
PHB20100413,2010-04-14,PHB20100413_40,40,0.2,0.11,0.9
PHB20100413,2010-04-14,PHB20100413_50,50,3.7,0.34,1.6
PHB20100413,2010-04-14,PHB20100413_60,60,5.5,0.46,2.2
PHB20100413,2010-04-14,PHB20100413_75,75,7.3,0.59,2.7
PHB20100413,2010-04-14,PHB20100413_100,100,8.2,0.65,3.0
PHB20100510,2010-05-11,PHB20100510_0,0,0.1,0.08,0.6
PHB20100510,2010-05-11,PHB20100510_10,10,0.1,0.09,0.6
PHB20100510,2010-05-11,PHB20100510_20,20,0.4,0.13,0.6
PHB20100510,2010-05-11,PHB20100510_25,25,2.7,0.28,1.2
PHB20100510,2010-05-11,PHB20100510_30,30,5.6,0.43,2.1
PHB20100510,2010-05-11,PHB20100510_40,40,6.0,0.5,2.5
PHB20100510,2010-05-11,PHB20100510_50,50,7.0,0.77,2.8
PHB20100510,2010-05-11,PHB20100510_60,60,7.4,0.59,2.6
PHB20100510,2010-05-11,PHB20100510_75,75,8.4,0.64,3.1
PHB20100510,2010-05-11,PHB20100510_100,100,8.8,0.67,3.3
PHB20100609,2010-06-09,PHB20100609_0,0,0.8,0.02,0.8
PHB20100609,2010-06-09,PHB20100609_10,10,0.9,0.02,0.8
PHB20100609,2010-06-09,PHB20100609_20,20,0.8,0.01,0.8
PHB20100609,2010-06-09,PHB20100609_25,25,0.9,0.02,0.8
PHB20100609,2010-06-09,PHB20100609_30,30,0.9,0.01,0.8
PHB20100609,2010-06-09,PHB20100609_40,40,0.9,0.02,0.8
PHB20100609,2010-06-09,PHB20100609_50,50,0.9,0.02,0.8
PHB20100609,2010-06-09,PHB20100609_60,60,8.1,0.47,2.8
PHB20100609,2010-06-09,PHB20100609_75,75,9.1,0.53,3.0
PHB20100609,2010-06-09,PHB20100609_100,100,10.4,0.65,4.5
PHB20100702,2010-07-02,PHB20100702_0,0,3.1,0.19,1.7
PHB20100702,2010-07-02,PHB20100702_10,10,3.1,0.19,1.7
PHB20100702,2010-07-02,PHB20100702_20,20,2.9,0.2,1.6
PHB20100702,2010-07-02,PHB20100702_25,25,3.0,0.2,1.6
PHB20100702,2010-07-02,PHB20100702_30,30,3.0,0.19,1.6
PHB20100702,2010-07-02,PHB20100702_40,40,3.0,0.2,1.6
PHB20100702,2010-07-02,PHB20100702_50,50,3.0,0.2,1.6
PHB20100702,2010-07-02,PHB20100702_60,60,3.7,0.23,1.8
PHB20100702,2010-07-02,PHB20100702_75,75,7.5,0.44,3.1
PHB20100702,2010-07-02,PHB20100702_100,100,8.3,0.49,3.5
PHB20100817,2010-08-18,PHB20100817_0,0,2.0,0.15,0.9
PHB20100817,2010-08-18,PHB20100817_10,10,2.0,0.15,0.9
PHB20100817,2010-08-18,PHB20100817_20,20,2.1,0.16,1.0
PHB20100817,2010-08-18,PHB20100817_25,25,2.2,0.17,1.0
PHB20100817,2010-08-18,PHB20100817_30,30,2.2,0.16,1.0
PHB20100817,2010-08-18,PHB20100817_40,40,2.3,0.16,1.0
PHB20100817,2010-08-18,PHB20100817_50,50,2.3,0.17,1.0
PHB20100817,2010-08-18,PHB20100817_60,60,2.6,0.19,1.1
PHB20100817,2010-08-18,PHB20100817_75,75,3.4,0.24,1.4
PHB20100817,2010-08-18,PHB20100817_100,100,4.2,0.34,1.8
PHB20100908,2010-09-09,PHB20100908_0,0,0.5,0.29,0.7
PHB20100908,2010-09-09,PHB20100908_10,10,0.7,0.79,0.7
PHB20100908,2010-09-09,PHB20100908_20,20,0.6,0.21,0.7
PHB20100908,2010-09-09,PHB20100908_25,25,0.6,0.21,0.7
PHB20100908,2010-09-09,PHB20100908_30,30,0.7,0.22,0.7
PHB20100908,2010-09-09,PHB20100908_40,40,0.8,0.23,0.7
PHB20100908,2010-09-09,PHB20100908_50,50,4.0,0.44,1.5
PHB20100908,2010-09-09,PHB20100908_60,60,6.2,0.58,2.4
PHB20100908,2010-09-09,PHB20100908_75,75,9.4,0.73,3.3
PHB20100908,2010-09-09,PHB20100908_100,100,11.7,0.83,3.8
PHB20101019,2010-10-20,PHB20101019_0,0,1.7,0.29,0.6
PHB20101019,2010-10-20,PHB20101019_10,10,1.8,0.3,0.7
PHB20101019,2010-10-20,PHB20101019_20,20,1.7,0.27,0.6
PHB20101019,2010-10-20,PHB20101019_25,25,1.7,0.27,0.6
PHB20101019,2010-10-20,PHB20101019_30,30,1.7,0.41,0.7
PHB20101019,2010-10-20,PHB20101019_40,40,2.0,0.29,0.7
PHB20101019,2010-10-20,PHB20101019_50,50,3.4,0.36,1.1
PHB20101019,2010-10-20,PHB20101019_60,60,5.8,0.54,1.7
PHB20101019,2010-10-20,PHB20101019_75,75,8.7,0.67,2.8
PHB20101019,2010-10-20,PHB20101019_100,100,10.4,0.76,3.6
PHB20101110,2010-11-11,PHB20101110_0,0,0.2,0.17,0.3
PHB20101110,2010-11-11,PHB20101110_10,10,3.0,0.32,1.8
PHB20101110,2010-11-11,PHB20101110_20,20,3.7,0.38,1.6
PHB20101110,2010-11-11,PHB20101110_25,25,5.3,0.39,2.1
PHB20101110,2010-11-11,PHB20101110_30,30,7.6,0.58,2.5
PHB20101110,2010-11-11,PHB20101110_40,40,9.0,0.6,3.3
PHB20101110,2010-11-11,PHB20101110_50,50,9.8,0.86,4.9
PHB20101110,2010-11-11,PHB20101110_60,60,9.9,0.67,3.3
PHB20101110,2010-11-11,PHB20101110_75,75,11.3,0.77,4.2
PHB20101110,2010-11-11,PHB20101110_100,100,11.9,0.65,4.3
PHB20101213,2010-12-14,PHB20101213_0,0,0.0,0.13,0.1
PHB20101213,2010-12-14,PHB20101213_10,10,0.0,0.09,0.1
PHB20101213,2010-12-14,PHB20101213_20,20,1.1,0.23,0.5
PHB20101213,2010-12-14,PHB20101213_25,25,5.1,0.49,1.9
PHB20101213,2010-12-14,PHB20101213_30,30,10.4,0.81,4.1
PHB20101213,2010-12-14,PHB20101213_40,40,12.4,0.86,4.8
PHB20101213,2010-12-14,PHB20101213_50,50,12.5,0.87,5.2
PHB20101213,2010-12-14,PHB20101213_60,60,12.5,0.88,5.2
PHB20101213,2010-12-14,PHB20101213_75,75,12.4,0.86,5.2
PHB20101213,2010-12-14,PHB20101213_100,100,12.5,0.87,5.2
PHB20110203,2011-02-04,PHB20110203_0,0,0.0,0.09,0.2
PHB20110203,2011-02-04,PHB20110203_10,10,0.1,0.09,0.2
PHB20110203,2011-02-04,PHB20110203_20,20,0.1,0.11,0.1
PHB20110203,2011-02-04,PHB20110203_25,25,0.1,0.1,0.1
PHB20110203,2011-02-04,PHB20110203_30,30,0.0,0.11,0.2
PHB20110203,2011-02-04,PHB20110203_40,40,0.4,0.16,0.3
PHB20110203,2011-02-04,PHB20110203_50,50,3.6,0.33,1.1
PHB20110203,2011-02-04,PHB20110203_60,60,6.4,0.49,1.9
PHB20110203,2011-02-04,PHB20110203_75,75,7.5,0.53,2.1
PHB20110203,2011-02-04,PHB20110203_100,100,10.3,0.86,4.8
PHB20110228,2011-03-01,PHB20110228_0,0,0.0,0.09,0.4
PHB20110228,2011-03-01,PHB20110228_10,10,0.1,0.1,0.4
PHB20110228,2011-03-01,PHB20110228_20,20,0.0,0.09,0.3
PHB20110228,2011-03-01,PHB20110228_25,25,0.1,0.1,0.4
PHB20110228,2011-03-01,PHB20110228_30,30,0.0,0.13,0.6
PHB20110228,2011-03-01,PHB20110228_40,40,1.4,0.25,1.5
PHB20110228,2011-03-01,PHB20110228_50,50,5.0,0.44,2.2
PHB20110228,2011-03-01,PHB20110228_60,60,8.0,0.59,2.8
PHB20110228,2011-03-01,PHB20110228_75,75,8.0,0.59,2.9
PHB20110228,2011-03-01,PHB20110228_100,100,11.2,0.84,5.6
PHB20110329,2011-03-30,PHB20110329_0,0,0.0,0.05,0.3
PHB20110329,2011-03-30,PHB20110329_10,10,0.0,0.09,0.2
PHB20110329,2011-03-30,PHB20110329_20,20,0.0,0.28,0.9
PHB20110329,2011-03-30,PHB20110329_25,25,0.0,0.33,1.1
PHB20110329,2011-03-30,PHB20110329_30,30,0.0,0.38,1.3
PHB20110329,2011-03-30,PHB20110329_40,40,3.0,0.59,2.7
PHB20110329,2011-03-30,PHB20110329_50,50,3.7,0.75,4.0
PHB20110329,2011-03-30,PHB20110329_60,60,4.4,0.06,0.4
PHB20110329,2011-03-30,PHB20110329_75,75,7.6,0.06,0.4
PHB20110329,2011-03-30,PHB20110329_100,100,9.7,0.08,0.4
PHB20110420,2011-04-21,PHB20110420_0,0,0.0,0.03,0.2
PHB20110420,2011-04-21,PHB20110420_10,10,0.0,0.01,0.2
PHB20110420,2011-04-21,PHB20110420_20,20,0.0,0.01,0.1
PHB20110420,2011-04-21,PHB20110420_25,25,0.0,0.01,0.1
PHB20110420,2011-04-21,PHB20110420_30,30,0.0,0.01,0.1
PHB20110420,2011-04-21,PHB20110420_40,40,2.2,0.17,0.6
PHB20110420,2011-04-21,PHB20110420_50,50,4.8,0.35,1.1
PHB20110420,2011-04-21,PHB20110420_60,60,5.9,0.4,1.1
PHB20110420,2011-04-21,PHB20110420_75,75,6.7,0.46,1.4
PHB20110420,2011-04-21,PHB20110420_100,100,7.5,0.53,2.4
PHB20110517,2011-05-18,PHB20110517_0,0,0.5,0.15,0.6
PHB20110517,2011-05-18,PHB20110517_10,10,1.9,0.18,0.5
PHB20110517,2011-05-18,PHB20110517_20,20,0.5,0.21,0.6
PHB20110517,2011-05-18,PHB20110517_25,25,0.5,0.15,0.6
PHB20110517,2011-05-18,PHB20110517_30,30,0.5,0.15,0.5
PHB20110517,2011-05-18,PHB20110517_40,40,0.5,0.14,0.5
PHB20110517,2011-05-18,PHB20110517_50,50,0.5,0.15,0.6
PHB20110517,2011-05-18,PHB20110517_60,60,0.7,0.16,0.6
PHB20110517,2011-05-18,PHB20110517_75,75,4.2,0.32,1.1
PHB20110517,2011-05-18,PHB20110517_100,100,3.7,0.35,1.2
PHB20110619,2011-06-20,PHB20110619_0,0,0.0,0.14,0.2
PHB20110619,2011-06-20,PHB20110619_10,10,0.3,0.17,0.1
PHB20110619,2011-06-20,PHB20110619_20,20,0.3,0.16,0.4
PHB20110619,2011-06-20,PHB20110619_25,25,0.9,0.18,0.5
PHB20110619,2011-06-20,PHB20110619_30,30,1.0,0.19,0.5
PHB20110619,2011-06-20,PHB20110619_40,40,1.1,0.22,0.2
PHB20110619,2011-06-20,PHB20110619_50,50,1.2,0.2,0.7
PHB20110619,2011-06-20,PHB20110619_60,60,5.5,0.43,1.7
PHB20110619,2011-06-20,PHB20110619_75,75,6.5,0.48,1.9
PHB20110619,2011-06-20,PHB20110619_100,100,5.5,0.45,1.9
PHB20110717,2011-07-18,PHB20110717_0,0,1.7,0.21,0.6
PHB20110717,2011-07-18,PHB20110717_10,10,1.5,0.22,0.6
PHB20110717,2011-07-18,PHB20110717_20,20,1.7,0.21,0.6
PHB20110717,2011-07-18,PHB20110717_25,25,2.6,0.26,0.9
PHB20110717,2011-07-18,PHB20110717_30,30,5.1,0.4,1.6
PHB20110717,2011-07-18,PHB20110717_40,40,8.1,0.58,2.6
PHB20110717,2011-07-18,PHB20110717_50,50,9.2,0.63,2.8
PHB20110717,2011-07-18,PHB20110717_60,60,10.3,0.68,3.0
PHB20110717,2011-07-18,PHB20110717_75,75,11.7,0.76,3.4
PHB20110717,2011-07-18,PHB20110717_100,100,12.1,0.77,3.6
PHB20110829,2011-08-29,PHB20110829_0,0,0.5,0.12,0.6
PHB20110829,2011-08-29,PHB20110829_10,10,0.5,0.12,0.6
PHB20110829,2011-08-29,PHB20110829_20,20,1.5,0.2,0.8
PHB20110829,2011-08-29,PHB20110829_25,25,3.5,0.33,1.3
PHB20110829,2011-08-29,PHB20110829_30,30,3.8,0.34,1.2
PHB20110829,2011-08-29,PHB20110829_40,40,6.1,0.47,1.9
PHB20110829,2011-08-29,PHB20110829_50,50,5.2,0.41,1.5
PHB20110829,2011-08-29,PHB20110829_60,60,5.0,0.4,1.5
PHB20110829,2011-08-29,PHB20110829_75,75,6.3,0.51,2.6
PHB20110829,2011-08-29,PHB20110829_100,100,8.0,0.64,3.0
PHB20110914,2011-09-15,PHB20110914_0,0,0.0,0.08,0.1
PHB20110914,2011-09-15,PHB20110914_10,10,0.0,0.08,0.1
PHB20110914,2011-09-15,PHB20110914_20,20,0.1,0.09,0.2
PHB20110914,2011-09-15,PHB20110914_25,25,0.3,0.17,0.2
PHB20110914,2011-09-15,PHB20110914_30,30,0.6,0.12,0.2
PHB20110914,2011-09-15,PHB20110914_40,40,0.7,0.13,0.3
PHB20110914,2011-09-15,PHB20110914_50,50,0.9,0.15,0.3
PHB20110914,2011-09-15,PHB20110914_60,60,0.8,0.15,0.3
PHB20110914,2011-09-15,PHB20110914_75,75,2.1,0.24,0.7
PHB20110914,2011-09-15,PHB20110914_100,100,6.4,0.52,2.7
PHB20111018,2011-10-19,PHB20111018_0,0,0.0,0.08,0.6
PHB20111018,2011-10-19,PHB20111018_10,10,0.0,0.07,0.6
PHB20111018,2011-10-19,PHB20111018_20,20,0.0,0.08,0.6
PHB20111018,2011-10-19,PHB20111018_25,25,0.1,0.09,0.7
PHB20111018,2011-10-19,PHB20111018_30,30,0.4,0.14,1.1
PHB20111018,2011-10-19,PHB20111018_40,40,4.3,0.38,2.1
PHB20111018,2011-10-19,PHB20111018_50,50,8.6,0.72,3.6
PHB20111018,2011-10-19,PHB20111018_60,60,9.8,0.75,4.1
PHB20111018,2011-10-19,PHB20111018_75,75,10.7,0.83,4.9
PHB20111018,2011-10-19,PHB20111018_100,100,11.5,0.86,5.3
PHB20111117,2011-11-18,PHB20111117_0,0,0.1,0.09,0.0
PHB20111117,2011-11-18,PHB20111117_10,10,0.1,0.09,0.0
PHB20111117,2011-11-18,PHB20111117_20,20,0.1,0.1,0.5
PHB20111117,2011-11-18,PHB20111117_25,25,0.4,0.15,0.5
PHB20111117,2011-11-18,PHB20111117_30,30,1.7,0.24,1.1
PHB20111117,2011-11-18,PHB20111117_40,40,5.7,0.5,2.1
PHB20111117,2011-11-18,PHB20111117_50,50,5.8,0.52,2.1
PHB20111117,2011-11-18,PHB20111117_60,60,6.2,0.5,2.5
PHB20111117,2011-11-18,PHB20111117_75,75,6.4,0.54,2.1
PHB20111117,2011-11-18,PHB20111117_100,100,5.6,0.55,2.8
PHB20111206,2011-12-07,PHB20111206_0,0,0.2,0.08,0.4
PHB20111206,2011-12-07,PHB20111206_10,10,0.0,0.08,0.3
PHB20111206,2011-12-07,PHB20111206_20,20,0.0,0.1,0.4
PHB20111206,2011-12-07,PHB20111206_25,25,0.1,0.08,0.4
PHB20111206,2011-12-07,PHB20111206_30,30,0.1,0.1,0.4
PHB20111206,2011-12-07,PHB20111206_40,40,0.4,0.13,0.3
PHB20111206,2011-12-07,PHB20111206_50,50,0.7,0.14,0.6
PHB20111206,2011-12-07,PHB20111206_60,60,0.8,0.16,0.5
PHB20111206,2011-12-07,PHB20111206_75,75,1.1,0.18,0.5
PHB20111206,2011-12-07,PHB20111206_100,100,4.6,0.41,2.4
PHB20120212,2012-02-13,PHB20120212_0,0,0.0,0.12,1.9
PHB20120212,2012-02-13,PHB20120212_10,10,0.0,0.05,1.7
PHB20120212,2012-02-13,PHB20120212_20,20,0.0,0.06,1.8
PHB20120212,2012-02-13,PHB20120212_25,25,0.2,0.11,1.8
PHB20120212,2012-02-13,PHB20120212_30,30,1.9,0.26,2.4
PHB20120212,2012-02-13,PHB20120212_40,40,8.9,0.71,6.5
PHB20120212,2012-02-13,PHB20120212_50,50,10.0,0.8,7.4
PHB20120212,2012-02-13,PHB20120212_60,60,10.0,0.8,7.3
PHB20120212,2012-02-13,PHB20120212_75,75,10.0,0.78,7.3
PHB20120212,2012-02-13,PHB20120212_100,100,11.0,0.77,6.9
PHB20120311,2012-03-12,PHB20120311_0,0,0.5,0.13,3.2
PHB20120311,2012-03-12,PHB20120311_10,10,0.1,0.09,2.6
PHB20120311,2012-03-12,PHB20120311_20,20,0.1,0.08,2.5
PHB20120311,2012-03-12,PHB20120311_25,25,0.0,0.08,2.1
PHB20120311,2012-03-12,PHB20120311_30,30,0.2,0.12,2.2
PHB20120311,2012-03-12,PHB20120311_40,40,3.0,0.29,3.4
PHB20120311,2012-03-12,PHB20120311_50,50,0.3,0.15,2.2
PHB20120311,2012-03-12,PHB20120311_60,60,4.1,0.36,3.6
PHB20120311,2012-03-12,PHB20120311_75,75,8.8,0.67,5.5
PHB20120311,2012-03-12,PHB20120311_100,100,10.4,0.78,7.2
PHB20120517,2012-05-18,PHB20120517_0,0,0.2,0.07,2.1
PHB20120517,2012-05-18,PHB20120517_10,10,0.2,0.07,1.9
PHB20120517,2012-05-18,PHB20120517_20,20,0.2,0.05,1.9
PHB20120517,2012-05-18,PHB20120517_25,25,0.3,0.07,2.0
PHB20120517,2012-05-18,PHB20120517_30,30,0.3,0.07,2.0
PHB20120517,2012-05-18,PHB20120517_40,40,1.2,0.1,2.3
PHB20120517,2012-05-18,PHB20120517_50,50,1.6,0.11,2.5
PHB20120517,2012-05-18,PHB20120517_60,60,2.0,0.12,2.5
PHB20120517,2012-05-18,PHB20120517_75,75,3.1,0.15,3.1
PHB20120517,2012-05-18,PHB20120517_100,100,6.4,0.26,4.4
PHB20120628,2012-06-28,PHB20120628_0,0,,,
PHB20120628,2012-06-28,PHB20120628_10,10,,,
PHB20120628,2012-06-28,PHB20120628_25,25,,,
PHB20120628,2012-06-28,PHB20120628_50,50,,,
PHB20120628,2012-06-28,PHB20120628_75,75,,,
PHB20120628,2012-06-28,PHB20120628_100,100,,,
PHB20120717,2012-07-17,PHB20120717_0,0,1.3,0.11,2.3
PHB20120717,2012-07-17,PHB20120717_10,10,1.5,0.14,2.4
PHB20120717,2012-07-17,PHB20120717_20,20,1.4,0.11,2.4
PHB20120717,2012-07-17,PHB20120717_25,25,1.5,0.12,2.4
PHB20120717,2012-07-17,PHB20120717_30,30,1.6,0.12,2.4
PHB20120717,2012-07-17,PHB20120717_40,40,1.7,0.14,2.4
PHB20120717,2012-07-17,PHB20120717_50,50,1.6,0.13,2.4
PHB20120717,2012-07-17,PHB20120717_60,60,5.8,0.25,4.1
PHB20120717,2012-07-17,PHB20120717_75,75,8.2,0.32,4.3
PHB20120717,2012-07-17,PHB20120717_100,100,9.6,0.37,4.7
PHB20120821,2012-08-22,PHB20120821_0,0,5.0,0.22,0.8
PHB20120821,2012-08-22,PHB20120821_10,10,3.0,0.21,0.8
PHB20120821,2012-08-22,PHB20120821_20,20,1.8,0.2,0.8
PHB20120821,2012-08-22,PHB20120821_25,25,1.8,0.2,0.8
PHB20120821,2012-08-22,PHB20120821_30,30,1.8,0.2,0.8
PHB20120821,2012-08-22,PHB20120821_40,40,3.6,0.3,1.4
PHB20120821,2012-08-22,PHB20120821_50,50,5.8,0.46,2.1
PHB20120821,2012-08-22,PHB20120821_60,60,7.7,0.59,2.8
PHB20120821,2012-08-22,PHB20120821_75,75,10.5,0.77,3.6
PHB20120821,2012-08-22,PHB20120821_100,100,10.2,0.77,3.9
PHB20120917,2012-09-18,PHB20120917_0,0,3.3,0.32,1.2
PHB20120917,2012-09-18,PHB20120917_10,10,3.9,0.37,1.5
PHB20120917,2012-09-18,PHB20120917_20,20,4.1,0.39,1.5
PHB20120917,2012-09-18,PHB20120917_25,25,4.3,0.4,1.7
PHB20120917,2012-09-18,PHB20120917_30,30,4.7,0.44,1.8
PHB20120917,2012-09-18,PHB20120917_40,40,5.3,0.48,2.1
PHB20120917,2012-09-18,PHB20120917_50,50,7.1,0.59,2.9
PHB20120917,2012-09-18,PHB20120917_60,60,8.4,0.66,3.4
PHB20120917,2012-09-18,PHB20120917_75,75,9.3,0.69,3.7
PHB20120917,2012-09-18,PHB20120917_100,100,9.8,0.75,4.2
PHB20121009,2012-10-10,PHB20121009_0,0,0.5,0.2,0.8
PHB20121009,2012-10-10,PHB20121009_10,10,0.5,0.23,0.9
PHB20121009,2012-10-10,PHB20121009_20,20,0.5,0.19,0.9
PHB20121009,2012-10-10,PHB20121009_25,25,0.5,0.23,0.9
PHB20121009,2012-10-10,PHB20121009_30,30,0.4,0.13,0.5
PHB20121009,2012-10-10,PHB20121009_40,40,2.1,0.23,1.0
PHB20121009,2012-10-10,PHB20121009_50,50,5.8,0.48,2.4
PHB20121009,2012-10-10,PHB20121009_60,60,8.6,0.63,3.1
PHB20121009,2012-10-10,PHB20121009_75,75,9.1,0.68,4.4
PHB20121009,2012-10-10,PHB20121009_100,100,10.5,0.69,4.8
PHB20121120,2012-11-21,PHB20121120_0,0,0.0,0.13,0.1
PHB20121120,2012-11-21,PHB20121120_10,10,0.0,0.12,0.0
PHB20121120,2012-11-21,PHB20121120_20,20,0.1,0.15,0.0
PHB20121120,2012-11-21,PHB20121120_25,25,0.8,0.18,0.0
PHB20121120,2012-11-21,PHB20121120_30,30,1.3,0.21,0.2
PHB20121120,2012-11-21,PHB20121120_40,40,2.2,0.26,0.4
PHB20121120,2012-11-21,PHB20121120_50,50,2.9,0.32,0.7
PHB20121120,2012-11-21,PHB20121120_60,60,8.0,0.63,3.2
PHB20121120,2012-11-21,PHB20121120_75,75,9.8,0.72,3.7
PHB20121120,2012-11-21,PHB20121120_100,100,10.6,0.79,4.4
PHB20121218,2012-12-19,PHB20121218_0,0,2.0,0.2,0.8
PHB20121218,2012-12-19,PHB20121218_10,10,0.0,0.19,0.8
PHB20121218,2012-12-19,PHB20121218_20,20,0.0,0.2,0.7
PHB20121218,2012-12-19,PHB20121218_25,25,0.0,0.21,0.6
PHB20121218,2012-12-19,PHB20121218_30,30,0.0,0.25,0.6
PHB20121218,2012-12-19,PHB20121218_40,40,3.8,0.44,2.3
PHB20121218,2012-12-19,PHB20121218_50,50,6.7,0.58,2.8
PHB20121218,2012-12-19,PHB20121218_60,60,7.2,0.6,2.7
PHB20121218,2012-12-19,PHB20121218_75,75,9.2,0.76,3.8
PHB20121218,2012-12-19,PHB20121218_100,100,9.2,0.78,4.9
PHB20130125,2013-01-25,PHB20130125_0,0,,,
PHB20130227,2013-02-28,PHB20130227_0,0,7.0,0.65,3.9
PHB20130227,2013-02-28,PHB20130227_10,10,7.5,0.72,3.7
PHB20130227,2013-02-28,PHB20130227_20,20,7.8,0.71,3.3
PHB20130227,2013-02-28,PHB20130227_25,25,7.7,0.67,3.3
PHB20130227,2013-02-28,PHB20130227_30,30,8.3,0.75,4.1
PHB20130227,2013-02-28,PHB20130227_40,40,8.3,0.74,3.9
PHB20130227,2013-02-28,PHB20130227_50,50,8.9,0.78,4.2
PHB20130227,2013-02-28,PHB20130227_60,60,9.0,0.78,3.9
PHB20130227,2013-02-28,PHB20130227_75,75,8.5,0.76,4.1
PHB20130227,2013-02-28,PHB20130227_100,100,9.3,0.79,4.1
PHB20130319,2013-03-20,PHB20130319_0,0,0.0,0.11,0.9
PHB20130319,2013-03-20,PHB20130319_10,10,0.0,0.1,0.9
PHB20130319,2013-03-20,PHB20130319_20,20,0.1,0.11,0.9
PHB20130319,2013-03-20,PHB20130319_25,25,0.5,0.15,1.0
PHB20130319,2013-03-20,PHB20130319_30,30,1.9,0.24,1.4
PHB20130319,2013-03-20,PHB20130319_40,40,6.5,0.55,2.6
PHB20130319,2013-03-20,PHB20130319_50,50,7.8,0.65,3.0
PHB20130319,2013-03-20,PHB20130319_60,60,7.9,0.65,3.1
PHB20130319,2013-03-20,PHB20130319_75,75,9.2,0.75,3.8
PHB20130319,2013-03-20,PHB20130319_100,100,8.8,0.76,4.1
PHB20130422,2013-04-23,PHB20130422_0,0,0.8,0.19,0.5
PHB20130422,2013-04-23,PHB20130422_10,10,0.8,0.18,0.5
PHB20130422,2013-04-23,PHB20130422_20,20,0.7,0.18,0.5
PHB20130422,2013-04-23,PHB20130422_25,25,0.7,0.18,0.5
PHB20130422,2013-04-23,PHB20130422_30,30,0.7,0.17,0.5
PHB20130422,2013-04-23,PHB20130422_40,40,0.7,0.19,0.5
PHB20130422,2013-04-23,PHB20130422_50,50,0.8,0.19,0.5
PHB20130422,2013-04-23,PHB20130422_60,60,0.8,0.18,0.5
PHB20130422,2013-04-23,PHB20130422_75,75,0.9,0.2,0.6
PHB20130422,2013-04-23,PHB20130422_100,100,1.4,0.24,1.0
PHB20130514,2013-05-15,PHB20130514_0,0,0.5,0.21,1.0
PHB20130514,2013-05-15,PHB20130514_10,10,0.9,0.26,1.2
PHB20130514,2013-05-15,PHB20130514_20,20,1.5,0.27,1.3
PHB20130514,2013-05-15,PHB20130514_25,25,1.6,0.28,1.4
PHB20130514,2013-05-15,PHB20130514_30,30,1.8,0.29,1.4
PHB20130514,2013-05-15,PHB20130514_40,40,2.2,0.32,1.6
PHB20130514,2013-05-15,PHB20130514_50,50,4.3,0.48,2.0
PHB20130514,2013-05-15,PHB20130514_60,60,5.7,0.54,2.1
PHB20130514,2013-05-15,PHB20130514_75,75,5.6,0.52,2.1
PHB20130514,2013-05-15,PHB20130514_100,100,6.9,0.58,2.2
PHB20130611,2013-06-12,PHB20130611_0,0,1.9,0.17,0.7
PHB20130611,2013-06-12,PHB20130611_10,10,1.4,0.36,0.8
PHB20130611,2013-06-12,PHB20130611_20,20,1.6,0.18,1.0
PHB20130611,2013-06-12,PHB20130611_25,25,1.4,0.18,0.8
PHB20130611,2013-06-12,PHB20130611_30,30,1.7,0.19,1.0
PHB20130611,2013-06-12,PHB20130611_40,40,1.7,0.19,1.0
PHB20130611,2013-06-12,PHB20130611_50,50,1.9,0.2,1.0
PHB20130611,2013-06-12,PHB20130611_60,60,3.3,0.3,1.5
PHB20130611,2013-06-12,PHB20130611_75,75,8.0,0.62,3.3
PHB20130611,2013-06-12,PHB20130611_100,100,7.1,0.54,2.6
PHB20130725,2013-07-26,PHB20130725_0,0,2.0,0.24,1.0
PHB20130725,2013-07-26,PHB20130725_10,10,2.3,0.25,1.3
PHB20130725,2013-07-26,PHB20130725_20,20,2.3,0.24,1.3
PHB20130725,2013-07-26,PHB20130725_25,25,2.4,0.25,1.3
PHB20130725,2013-07-26,PHB20130725_30,30,2.3,0.24,1.3
PHB20130725,2013-07-26,PHB20130725_40,40,2.3,0.23,1.2
PHB20130725,2013-07-26,PHB20130725_50,50,2.2,0.23,1.2
PHB20130725,2013-07-26,PHB20130725_60,60,1.8,0.21,0.8
PHB20130725,2013-07-26,PHB20130725_75,75,2.2,0.22,1.2
PHB20130725,2013-07-26,PHB20130725_100,100,2.7,0.25,1.3
PHB20130826,2013-08-27,PHB20130826_0,0,2.0,0.26,1.4
PHB20130826,2013-08-27,PHB20130826_10,10,2.5,0.26,1.5
PHB20130826,2013-08-27,PHB20130826_20,20,2.6,0.25,1.6
PHB20130826,2013-08-27,PHB20130826_25,25,2.3,0.24,1.5
PHB20130826,2013-08-27,PHB20130826_30,30,2.2,0.25,1.5
PHB20130826,2013-08-27,PHB20130826_40,40,2.9,0.28,1.6
PHB20130826,2013-08-27,PHB20130826_50,50,3.5,0.31,1.8
PHB20130826,2013-08-27,PHB20130826_60,60,3.5,0.33,1.8
PHB20130826,2013-08-27,PHB20130826_75,75,4.6,0.43,2.2
PHB20130826,2013-08-27,PHB20130826_100,100,5.7,0.49,3.1
PHB20130915,2013-09-16,PHB20130915_0,0,1.3,0.15,0.6
PHB20130915,2013-09-16,PHB20130915_10,10,,,
PHB20130915,2013-09-16,PHB20130915_20,20,1.0,0.11,0.6
PHB20130915,2013-09-16,PHB20130915_25,25,1.7,0.16,0.7
PHB20130915,2013-09-16,PHB20130915_30,30,1.8,0.2,0.8
PHB20130915,2013-09-16,PHB20130915_40,40,3.1,0.28,1.2
PHB20130915,2013-09-16,PHB20130915_50,50,3.0,0.31,1.1
PHB20130915,2013-09-16,PHB20130915_60,60,3.4,0.32,1.0
PHB20130915,2013-09-16,PHB20130915_75,75,8.2,0.59,3.0
PHB20130915,2013-09-16,PHB20130915_100,100,2.7,0.25,1.1
PHB20131020,2013-10-21,PHB20131020_0,0,0.3,0.16,1.2
PHB20131020,2013-10-21,PHB20131020_10,10,0.3,0.18,1.2
PHB20131020,2013-10-21,PHB20131020_20,20,0.3,0.17,1.2
PHB20131020,2013-10-21,PHB20131020_25,25,2.8,0.33,2.0
PHB20131020,2013-10-21,PHB20131020_30,30,3.4,0.37,2.3
PHB20131020,2013-10-21,PHB20131020_40,40,3.4,0.81,2.3
PHB20131020,2013-10-21,PHB20131020_50,50,7.0,0.59,3.3
PHB20131020,2013-10-21,PHB20131020_60,60,9.0,0.71,3.4
PHB20131020,2013-10-21,PHB20131020_75,75,9.7,0.76,4.1
PHB20131020,2013-10-21,PHB20131020_100,100,10.3,0.81,4.5
PHB20131027,2013-10-28,PHB20131027_0,0,0.1,0.14,0.8
PHB20131027,2013-10-28,PHB20131027_10,10,0.2,0.16,1.1
PHB20131027,2013-10-28,PHB20131027_20,20,0.3,0.16,1.1
PHB20131027,2013-10-28,PHB20131027_25,25,0.1,0.18,1.2
PHB20131027,2013-10-28,PHB20131027_30,30,0.1,0.16,1.2
PHB20131027,2013-10-28,PHB20131027_40,40,0.2,0.17,1.3
PHB20131027,2013-10-28,PHB20131027_50,50,5.9,0.53,3.4
PHB20131027,2013-10-28,PHB20131027_60,60,7.5,0.62,3.9
PHB20131027,2013-10-28,PHB20131027_75,75,8.9,0.68,3.5
PHB20131027,2013-10-28,PHB20131027_100,100,9.5,0.83,5.5
PHB20131202,2013-12-03,PHB20131202_0,0,0.0,0.1,0.1
PHB20131202,2013-12-03,PHB20131202_10,10,0.0,0.1,0.3
PHB20131202,2013-12-03,PHB20131202_20,20,0.0,0.1,0.2
PHB20131202,2013-12-03,PHB20131202_25,25,0.0,0.1,0.2
PHB20131202,2013-12-03,PHB20131202_30,30,0.1,0.1,0.3
PHB20131202,2013-12-03,PHB20131202_40,40,3.4,0.3,1.2
PHB20131202,2013-12-03,PHB20131202_50,50,5.7,0.4,1.5
PHB20131202,2013-12-03,PHB20131202_60,60,2.2,0.2,0.6
PHB20131202,2013-12-03,PHB20131202_75,75,9.5,0.7,3.1
PHB20131202,2013-12-03,PHB20131202_100,100,10.5,1.0,3.5
PHB20140120,2014-01-21,PHB20140120_0,0,0.0,0.08,0.0
PHB20140120,2014-01-21,PHB20140120_10,10,0.0,0.08,0.0
PHB20140120,2014-01-21,PHB20140120_20,20,0.0,0.11,0.0
PHB20140120,2014-01-21,PHB20140120_25,25,2.3,0.28,0.8
PHB20140120,2014-01-21,PHB20140120_30,30,3.6,0.34,0.9
PHB20140120,2014-01-21,PHB20140120_40,40,4.4,0.39,1.1
PHB20140120,2014-01-21,PHB20140120_50,50,5.2,0.43,1.2
PHB20140120,2014-01-21,PHB20140120_60,60,6.2,0.52,1.7
PHB20140120,2014-01-21,PHB20140120_75,75,7.2,0.59,2.6
PHB20140120,2014-01-21,PHB20140120_100,100,7.5,0.65,3.3
PHB20140211,2014-02-12,PHB20140211_0,0,0.0,0.06,0.1
PHB20140211,2014-02-12,PHB20140211_10,10,0.0,0.06,0.1
PHB20140211,2014-02-12,PHB20140211_20,20,0.8,0.09,0.1
PHB20140211,2014-02-12,PHB20140211_25,25,0.0,0.06,0.1
PHB20140211,2014-02-12,PHB20140211_30,30,0.2,0.15,0.6
PHB20140211,2014-02-12,PHB20140211_40,40,4.0,0.38,1.9
PHB20140211,2014-02-12,PHB20140211_50,50,6.2,0.52,2.2
PHB20140211,2014-02-12,PHB20140211_60,60,8.8,0.69,3.2
PHB20140211,2014-02-12,PHB20140211_75,75,9.4,0.75,3.7
PHB20140211,2014-02-12,PHB20140211_100,100,10.0,0.77,3.8
PHB20140317,2014-03-18,PHB20140317_0,0,0.0,0.1,0.4
PHB20140317,2014-03-18,PHB20140317_10,10,0.2,0.12,0.5
PHB20140317,2014-03-18,PHB20140317_20,20,6.2,0.49,1.9
PHB20140317,2014-03-18,PHB20140317_25,25,5.7,0.5,2.1
PHB20140317,2014-03-18,PHB20140317_30,30,6.1,0.53,2.2
PHB20140317,2014-03-18,PHB20140317_40,40,9.2,0.7,3.4
PHB20140317,2014-03-18,PHB20140317_50,50,9.9,0.75,3.8
PHB20140317,2014-03-18,PHB20140317_60,60,10.5,0.79,3.9
PHB20140317,2014-03-18,PHB20140317_75,75,10.9,0.81,4.3
PHB20140317,2014-03-18,PHB20140317_100,100,11.6,0.86,4.4
PHB20140427,2014-04-28,PHB20140427_0,0,-0.1,0.03,0.5
PHB20140427,2014-04-28,PHB20140427_10,10,0.0,0.04,0.5
PHB20140427,2014-04-28,PHB20140427_20,20,-0.1,0.04,0.5
PHB20140427,2014-04-28,PHB20140427_25,25,0.0,0.06,0.7
PHB20140427,2014-04-28,PHB20140427_30,30,0.2,0.08,0.9
PHB20140427,2014-04-28,PHB20140427_40,40,1.1,0.14,1.3
PHB20140427,2014-04-28,PHB20140427_50,50,2.0,0.19,1.5
PHB20140427,2014-04-28,PHB20140427_60,60,6.0,0.45,2.4
PHB20140427,2014-04-28,PHB20140427_75,75,9.9,0.73,4.0
PHB20140427,2014-04-28,PHB20140427_100,100,8.9,0.66,3.4
PHB20140515,2014-05-16,PHB20140515_0,0,0.1,0.07,0.5
PHB20140515,2014-05-16,PHB20140515_10,10,0.0,2.04,0.6
PHB20140515,2014-05-16,PHB20140515_20,20,0.1,0.06,0.5
PHB20140515,2014-05-16,PHB20140515_25,25,1.6,0.18,1.0
PHB20140515,2014-05-16,PHB20140515_30,30,2.3,0.21,1.2
PHB20140515,2014-05-16,PHB20140515_40,40,3.4,0.28,1.4
PHB20140515,2014-05-16,PHB20140515_50,50,5.3,0.4,2.0
PHB20140515,2014-05-16,PHB20140515_60,60,7.7,0.58,2.7
PHB20140515,2014-05-16,PHB20140515_75,75,8.4,0.64,3.0
PHB20140515,2014-05-16,PHB20140515_100,100,8.6,0.66,3.1
PHB20140612,2014-06-13,PHB20140612_0,0,0.2,0.12,0.4
PHB20140612,2014-06-13,PHB20140612_10,10,0.5,0.12,0.5
PHB20140612,2014-06-13,PHB20140612_20,20,1.1,0.15,0.7
PHB20140612,2014-06-13,PHB20140612_25,25,1.1,0.16,0.7
PHB20140612,2014-06-13,PHB20140612_30,30,1.1,0.16,0.5
PHB20140612,2014-06-13,PHB20140612_40,40,1.1,0.16,0.5
PHB20140612,2014-06-13,PHB20140612_50,50,2.8,0.25,1.0
PHB20140612,2014-06-13,PHB20140612_60,60,4.0,0.34,1.4
PHB20140612,2014-06-13,PHB20140612_75,75,6.3,0.51,2.3
PHB20140612,2014-06-13,PHB20140612_100,100,7.2,0.57,2.5
PHB20140716,2014-07-16,PHB20140716_0,0,1.9,0.2,0.8
PHB20140716,2014-07-16,PHB20140716_10,10,1.9,0.19,0.7
PHB20140716,2014-07-16,PHB20140716_20,20,2.0,0.2,0.7
PHB20140716,2014-07-16,PHB20140716_25,25,1.9,0.2,0.8
PHB20140716,2014-07-16,PHB20140716_30,30,2.0,0.21,0.8
PHB20140716,2014-07-16,PHB20140716_40,40,2.1,0.21,0.8
PHB20140716,2014-07-16,PHB20140716_50,50,2.1,0.21,0.8
PHB20140716,2014-07-16,PHB20140716_60,60,2.3,0.21,0.8
PHB20140716,2014-07-16,PHB20140716_75,75,2.5,0.24,0.9
PHB20140716,2014-07-16,PHB20140716_100,100,3.6,0.31,1.2
PHB20140824,2014-08-25,PHB20140824_0,0,1.5,0.28,0.9
PHB20140824,2014-08-25,PHB20140824_10,10,1.4,0.35,0.9
PHB20140824,2014-08-25,PHB20140824_20,20,1.6,0.37,1.2
PHB20140824,2014-08-25,PHB20140824_25,25,1.5,0.29,0.8
PHB20140824,2014-08-25,PHB20140824_30,30,1.4,0.28,0.7
PHB20140824,2014-08-25,PHB20140824_40,40,1.5,0.29,0.7
PHB20140824,2014-08-25,PHB20140824_50,50,1.4,0.29,0.8
PHB20140824,2014-08-25,PHB20140824_60,60,1.4,0.29,0.8
PHB20140824,2014-08-25,PHB20140824_75,75,2.3,0.37,1.7
PHB20140824,2014-08-25,PHB20140824_100,100,2.1,0.29,1.9
PHB20140911,2014-09-11,PHB20140911_0,0,0.9,0.27,0.8
PHB20140911,2014-09-11,PHB20140911_10,10,0.7,0.23,0.8
PHB20140911,2014-09-11,PHB20140911_20,20,0.7,0.26,0.8
PHB20140911,2014-09-11,PHB20140911_25,25,0.7,0.22,0.7
PHB20140911,2014-09-11,PHB20140911_30,30,0.9,0.24,0.8
PHB20140911,2014-09-11,PHB20140911_40,40,0.9,0.24,0.8
PHB20140911,2014-09-11,PHB20140911_50,50,0.9,0.24,0.8
PHB20140911,2014-09-11,PHB20140911_60,60,1.0,0.27,1.0
PHB20140911,2014-09-11,PHB20140911_75,75,1.2,0.28,1.0
PHB20140911,2014-09-11,PHB20140911_100,100,5.2,0.48,2.1
PHB20141021,2014-10-22,PHB20141021_0,0,0.1,0.12,0.0
PHB20141021,2014-10-22,PHB20141021_10,10,,0.13,0.0
PHB20141021,2014-10-22,PHB20141021_20,20,0.2,0.13,0.1
PHB20141021,2014-10-22,PHB20141021_25,25,0.3,0.14,0.1
PHB20141021,2014-10-22,PHB20141021_30,30,0.4,0.14,0.1
PHB20141021,2014-10-22,PHB20141021_40,40,0.8,0.18,0.2
PHB20141021,2014-10-22,PHB20141021_50,50,1.0,0.19,0.3
PHB20141021,2014-10-22,PHB20141021_60,60,1.6,0.24,0.6
PHB20141021,2014-10-22,PHB20141021_75,75,3.1,0.35,1.4
PHB20141021,2014-10-22,PHB20141021_100,100,7.6,0.6,2.8
PHB20141112,2014-11-13,PHB20141112_0,0,0.0,0.1,0.3
PHB20141112,2014-11-13,PHB20141112_10,10,0.0,0.09,0.3
PHB20141112,2014-11-13,PHB20141112_20,20,0.0,0.1,0.3
PHB20141112,2014-11-13,PHB20141112_25,25,0.0,0.11,0.4
PHB20141112,2014-11-13,PHB20141112_30,30,0.0,0.1,0.4
PHB20141112,2014-11-13,PHB20141112_40,40,1.8,0.21,0.8
PHB20141112,2014-11-13,PHB20141112_50,50,5.2,0.39,1.6
PHB20141112,2014-11-13,PHB20141112_60,60,5.6,0.42,1.7
PHB20141112,2014-11-13,PHB20141112_75,75,6.2,0.49,2.2
PHB20141112,2014-11-13,PHB20141112_100,100,7.2,0.67,2.9
PHB20141208,2014-12-09,PHB20141208_0,0,0.0,0.07,0.7
PHB20141208,2014-12-09,PHB20141208_10,10,0.1,0.1,0.9
PHB20141208,2014-12-09,PHB20141208_20,20,0.0,0.11,0.7
PHB20141208,2014-12-09,PHB20141208_25,25,0.3,0.18,0.4
PHB20141208,2014-12-09,PHB20141208_30,30,4.4,0.46,0.9
PHB20141208,2014-12-09,PHB20141208_40,40,0.1,0.09,1.4
PHB20141208,2014-12-09,PHB20141208_50,50,0.1,0.15,2.1
PHB20141208,2014-12-09,PHB20141208_60,60,8.0,0.73,3.0
PHB20141208,2014-12-09,PHB20141208_75,75,8.5,0.65,3.0
PHB20141208,2014-12-09,PHB20141208_100,100,9.9,0.76,3.6
PHB20150121,2015-01-22,PHB20150121_0,0,0.1,0.14,0.5
PHB20150121,2015-01-22,PHB20150121_10,10,0.1,0.19,0.5
PHB20150121,2015-01-22,PHB20150121_20,20,0.7,0.22,0.4
PHB20150121,2015-01-22,PHB20150121_25,25,0.8,0.24,0.2
PHB20150121,2015-01-22,PHB20150121_30,30,3.2,0.36,0.7
PHB20150121,2015-01-22,PHB20150121_40,40,5.8,0.48,1.3
PHB20150121,2015-01-22,PHB20150121_50,50,7.6,0.57,1.9
PHB20150121,2015-01-22,PHB20150121_60,60,9.5,0.71,2.9
PHB20150121,2015-01-22,PHB20150121_75,75,9.5,0.69,2.9
PHB20150121,2015-01-22,PHB20150121_100,100,9.5,0.7,3.3
PHB20150225,2015-02-26,PHB20150225_0,0,0.0,0.12,0.0
PHB20150225,2015-02-26,PHB20150225_10,10,0.2,0.09,0.0
PHB20150225,2015-02-26,PHB20150225_20,20,,0.11,0.1
PHB20150225,2015-02-26,PHB20150225_25,25,,0.2,0.8
PHB20150225,2015-02-26,PHB20150225_30,30,4.2,0.36,1.4
PHB20150225,2015-02-26,PHB20150225_40,40,4.2,0.33,1.4
PHB20150225,2015-02-26,PHB20150225_50,50,,0.51,2.4
PHB20150225,2015-02-26,PHB20150225_60,60,8.3,0.68,3.3
PHB20150225,2015-02-26,PHB20150225_75,75,,0.51,3.2
PHB20150225,2015-02-26,PHB20150225_100,100,,0.71,4.1
PHB20150330,2015-03-31,PHB20150330_0,0,0.3,0.34,0.0
PHB20150330,2015-03-31,PHB20150330_10,10,0.2,0.17,0.0
PHB20150330,2015-03-31,PHB20150330_20,20,0.5,0.35,0.1
PHB20150330,2015-03-31,PHB20150330_25,25,0.0,0.06,0.1
PHB20150330,2015-03-31,PHB20150330_30,30,0.0,0.05,0.0
PHB20150330,2015-03-31,PHB20150330_40,40,0.2,0.1,0.1
PHB20150330,2015-03-31,PHB20150330_50,50,0.3,0.09,0.3
PHB20150330,2015-03-31,PHB20150330_60,60,1.5,0.19,0.7
PHB20150330,2015-03-31,PHB20150330_75,75,3.6,0.3,1.5
PHB20150330,2015-03-31,PHB20150330_100,100,6.3,0.52,2.3
PHB20150518,2015-05-19,PHB20150518_0,0,1.2,0.13,1.5
PHB20150518,2015-05-19,PHB20150518_10,10,1.2,0.13,1.4
PHB20150518,2015-05-19,PHB20150518_20,20,1.5,0.15,1.6
PHB20150518,2015-05-19,PHB20150518_25,25,1.5,0.15,1.7
PHB20150518,2015-05-19,PHB20150518_30,30,1.5,0.14,1.6
PHB20150518,2015-05-19,PHB20150518_40,40,1.7,0.15,2.1
PHB20150518,2015-05-19,PHB20150518_50,50,1.7,0.18,1.4
PHB20150518,2015-05-19,PHB20150518_60,60,2.2,0.22,1.7
PHB20150518,2015-05-19,PHB20150518_75,75,3.4,0.3,1.8
PHB20150518,2015-05-19,PHB20150518_100,100,5.5,0.42,2.4
PHB20150630,2015-06-30,PHB20150630_0,0,0.8,0.16,1.0
PHB20150630,2015-06-30,PHB20150630_10,10,0.8,0.16,0.9
PHB20150630,2015-06-30,PHB20150630_20,20,1.0,0.19,1.0
PHB20150630,2015-06-30,PHB20150630_25,25,0.9,0.17,1.0
PHB20150630,2015-06-30,PHB20150630_30,30,5.1,0.41,1.9
PHB20150630,2015-06-30,PHB20150630_40,40,5.9,0.47,2.1
PHB20150630,2015-06-30,PHB20150630_50,50,6.8,0.55,2.3
PHB20150630,2015-06-30,PHB20150630_60,60,7.1,0.57,2.3
PHB20150630,2015-06-30,PHB20150630_75,75,7.9,0.64,0.2
PHB20150630,2015-06-30,PHB20150630_100,100,8.0,0.64,0.2
PHB20150723,2015-07-23,PHB20150723_0,0,2.2,0.3,1.4
PHB20150723,2015-07-23,PHB20150723_10,10,2.2,0.28,1.3
PHB20150723,2015-07-23,PHB20150723_20,20,2.2,0.26,1.3
PHB20150723,2015-07-23,PHB20150723_25,25,2.3,0.29,1.4
PHB20150723,2015-07-23,PHB20150723_30,30,2.5,0.3,1.4
PHB20150723,2015-07-23,PHB20150723_40,40,3.3,0.36,1.7
PHB20150723,2015-07-23,PHB20150723_50,50,3.8,0.39,1.8
PHB20150723,2015-07-23,PHB20150723_60,60,4.3,0.41,1.9
PHB20150723,2015-07-23,PHB20150723_75,75,5.0,0.46,2.0
PHB20150723,2015-07-23,PHB20150723_100,100,5.8,0.52,2.2
PHB20150819,2015-08-19,PHB20150819_0,0,2.0,0.24,0.8
PHB20150819,2015-08-19,PHB20150819_10,10,1.9,0.22,0.9
PHB20150819,2015-08-19,PHB20150819_20,20,2.0,0.22,0.8
PHB20150819,2015-08-19,PHB20150819_25,25,2.0,0.23,0.8
PHB20150819,2015-08-19,PHB20150819_30,30,2.0,0.22,0.9
PHB20150819,2015-08-19,PHB20150819_40,40,2.4,0.26,1.1
PHB20150819,2015-08-19,PHB20150819_50,50,1.8,0.53,0.9
PHB20150819,2015-08-19,PHB20150819_60,60,4.0,0.47,2.0
PHB20150819,2015-08-19,PHB20150819_75,75,7.4,0.61,3.0
PHB20150819,2015-08-19,PHB20150819_100,100,8.1,0.65,3.3
PHB20151013,2015-10-14,PHB20151013_0,0,0.0,0.13,0.6
PHB20151013,2015-10-14,PHB20151013_10,10,0.0,0.24,0.5
PHB20151013,2015-10-14,PHB20151013_20,20,2.9,0.31,1.2
PHB20151013,2015-10-14,PHB20151013_25,25,2.7,0.28,1.2
PHB20151013,2015-10-14,PHB20151013_30,30,4.3,0.38,1.6
PHB20151013,2015-10-14,PHB20151013_40,40,2.9,0.3,1.2
PHB20151013,2015-10-14,PHB20151013_50,50,3.6,0.34,1.3
PHB20151013,2015-10-14,PHB20151013_60,60,3.8,0.35,1.4
PHB20151013,2015-10-14,PHB20151013_75,75,4.4,0.39,1.3
PHB20151013,2015-10-14,PHB20151013_100,100,9.1,0.72,3.3
PHB20151115,2015-11-16,PHB20151115_0,0,0.0,0.12,0.2
PHB20151115,2015-11-16,PHB20151115_10,10,0.0,0.13,0.2
PHB20151115,2015-11-16,PHB20151115_20,20,0.0,0.1,0.2
PHB20151115,2015-11-16,PHB20151115_25,25,0.0,0.13,0.2
PHB20151115,2015-11-16,PHB20151115_30,30,1.3,0.23,0.4
PHB20151115,2015-11-16,PHB20151115_40,40,4.5,0.42,1.2
PHB20151115,2015-11-16,PHB20151115_50,50,8.3,0.65,2.3
PHB20151115,2015-11-16,PHB20151115_60,60,9.1,0.67,2.7
PHB20151115,2015-11-16,PHB20151115_75,75,9.8,0.65,3.0
PHB20151115,2015-11-16,PHB20151115_100,100,11.0,0.81,3.6
PHB20151215,2015-12-16,PHB20151215_0,0,0.4,0.18,0.3
PHB20151215,2015-12-16,PHB20151215_10,10,0.1,0.12,0.3
PHB20151215,2015-12-16,PHB20151215_20,20,0.4,0.15,0.6
PHB20151215,2015-12-16,PHB20151215_25,25,,,
PHB20151215,2015-12-16,PHB20151215_30,30,1.4,0.2,0.7
PHB20151215,2015-12-16,PHB20151215_40,40,,,
PHB20151215,2015-12-16,PHB20151215_50,50,0.5,0.2,0.9
PHB20151215,2015-12-16,PHB20151215_60,60,,,
PHB20151215,2015-12-16,PHB20151215_75,75,5.0,0.3,2.9
PHB20151215,2015-12-16,PHB20151215_100,100,,,
PHB20160201,2016-02-02,PHB20160201_0,0,0.3,0.2,0.2
PHB20160201,2016-02-02,PHB20160201_10,10,0.0,0.1,1.2
PHB20160201,2016-02-02,PHB20160201_20,20,0.0,0.1,1.2
PHB20160201,2016-02-02,PHB20160201_25,25,0.0,0.1,1.6
PHB20160201,2016-02-02,PHB20160201_30,30,0.0,0.1,1.0
PHB20160201,2016-02-02,PHB20160201_40,40,3.0,0.4,2.3
PHB20160201,2016-02-02,PHB20160201_50,50,6.3,0.6,3.0
PHB20160201,2016-02-02,PHB20160201_60,60,11.7,0.9,4.7
PHB20160201,2016-02-02,PHB20160201_75,75,10.4,0.8,4.2
PHB20160201,2016-02-02,PHB20160201_100,100,11.6,0.8,4.6
PHB20160229,2016-03-01,PHB20160229_0,0,0.0,0.1,0.3
PHB20160229,2016-03-01,PHB20160229_10,10,0.0,0.1,0.2
PHB20160229,2016-03-01,PHB20160229_20,20,0.0,0.1,0.1
PHB20160229,2016-03-01,PHB20160229_25,25,0.0,0.1,0.0
PHB20160229,2016-03-01,PHB20160229_30,30,0.0,0.2,0.0
PHB20160229,2016-03-01,PHB20160229_40,40,5.6,0.5,2.4
PHB20160229,2016-03-01,PHB20160229_50,50,7.9,0.6,2.8
PHB20160229,2016-03-01,PHB20160229_60,60,8.7,0.7,2.9
PHB20160229,2016-03-01,PHB20160229_75,75,10.4,0.8,4.0
PHB20160229,2016-03-01,PHB20160229_100,100,11.4,0.8,4.5
PHB20160407,2016-04-08,PHB20160407_0,0,0.1,0.1,0.5
PHB20160407,2016-04-08,PHB20160407_10,10,0.1,0.1,0.6
PHB20160407,2016-04-08,PHB20160407_20,20,0.2,0.1,0.6
PHB20160407,2016-04-08,PHB20160407_25,25,0.2,0.1,0.5
PHB20160407,2016-04-08,PHB20160407_30,30,0.2,0.1,0.5
PHB20160407,2016-04-08,PHB20160407_40,40,0.8,0.1,0.8
PHB20160407,2016-04-08,PHB20160407_50,50,2.7,0.3,1.3
PHB20160407,2016-04-08,PHB20160407_60,60,4.3,0.4,1.4
PHB20160407,2016-04-08,PHB20160407_75,75,4.7,0.4,1.4
PHB20160407,2016-04-08,PHB20160407_100,100,6.8,0.5,2.2
PHB20160502,2016-05-03,PHB20160502_0,0,0.4,0.13,1.0
PHB20160502,2016-05-03,PHB20160502_10,10,0.5,0.13,0.9
PHB20160502,2016-05-03,PHB20160502_20,20,0.5,0.13,0.9
PHB20160502,2016-05-03,PHB20160502_25,25,0.5,0.15,1.0
PHB20160502,2016-05-03,PHB20160502_30,30,1.3,0.19,1.2
PHB20160502,2016-05-03,PHB20160502_40,40,4.9,0.42,2.3
PHB20160502,2016-05-03,PHB20160502_50,50,6.0,0.48,2.4
PHB20160502,2016-05-03,PHB20160502_60,60,7.0,0.55,2.7
PHB20160502,2016-05-03,PHB20160502_75,75,8.1,0.63,3.3
PHB20160502,2016-05-03,PHB20160502_100,100,9.6,0.75,3.9
PHB20160615,2016-06-15,PHB20160615_0,0,0.4,0.11,0.7
PHB20160615,2016-06-15,PHB20160615_10,10,0.4,0.11,0.7
PHB20160615,2016-06-15,PHB20160615_20,20,0.7,0.14,0.8
PHB20160615,2016-06-15,PHB20160615_25,25,0.9,0.15,0.8
PHB20160615,2016-06-15,PHB20160615_30,30,1.1,0.16,0.9
PHB20160615,2016-06-15,PHB20160615_40,40,2.6,0.26,1.5
PHB20160615,2016-06-15,PHB20160615_50,50,4.6,0.4,2.2
PHB20160615,2016-06-15,PHB20160615_60,60,6.7,0.52,2.3
PHB20160615,2016-06-15,PHB20160615_75,75,6.9,0.54,2.4
PHB20160615,2016-06-15,PHB20160615_100,100,6.9,0.54,2.3
PHB20160719,2016-07-19,PHB20160719_0,0,1.9,0.26,1.3
PHB20160719,2016-07-19,PHB20160719_10,10,2.0,0.27,1.3
PHB20160719,2016-07-19,PHB20160719_20,20,2.1,0.29,1.4
PHB20160719,2016-07-19,PHB20160719_25,25,2.1,0.29,1.4
PHB20160719,2016-07-19,PHB20160719_30,30,2.2,0.29,1.4
PHB20160719,2016-07-19,PHB20160719_40,40,2.3,0.3,1.4
PHB20160719,2016-07-19,PHB20160719_50,50,2.4,0.31,1.5
PHB20160719,2016-07-19,PHB20160719_60,60,2.5,0.31,1.5
PHB20160719,2016-07-19,PHB20160719_75,75,2.6,0.33,1.5
PHB20160719,2016-07-19,PHB20160719_100,100,6.0,0.51,2.4
PHB20160829,2016-08-30,PHB20160829_0,0,1.0,0.21,0.7
PHB20160829,2016-08-30,PHB20160829_10,10,1.0,0.21,0.7
PHB20160829,2016-08-30,PHB20160829_20,20,1.1,0.22,0.6
PHB20160829,2016-08-30,PHB20160829_25,25,1.1,0.24,0.6
PHB20160829,2016-08-30,PHB20160829_30,30,1.2,0.22,0.7
PHB20160829,2016-08-30,PHB20160829_40,40,1.2,0.23,0.7
PHB20160829,2016-08-30,PHB20160829_50,50,1.2,0.23,0.7
PHB20160829,2016-08-30,PHB20160829_60,60,5.1,0.48,1.9
PHB20160829,2016-08-30,PHB20160829_75,75,9.1,0.69,3.1
PHB20160829,2016-08-30,PHB20160829_100,100,11.8,0.85,4.1
PHB20160926,2016-09-27,PHB20160926_0,0,0.3,0.11,0.5
PHB20160926,2016-09-27,PHB20160926_10,10,0.3,0.11,0.5
PHB20160926,2016-09-27,PHB20160926_20,20,0.2,0.11,0.5
PHB20160926,2016-09-27,PHB20160926_25,25,0.3,0.12,0.5
PHB20160926,2016-09-27,PHB20160926_30,30,0.7,0.15,0.7
PHB20160926,2016-09-27,PHB20160926_40,40,1.1,0.18,0.9
PHB20160926,2016-09-27,PHB20160926_50,50,1.0,0.21,1.0
PHB20160926,2016-09-27,PHB20160926_60,60,3.5,0.5,1.8
PHB20160926,2016-09-27,PHB20160926_75,75,5.6,0.63,2.3
PHB20160926,2016-09-27,PHB20160926_100,100,10.7,0.82,4.2
PHB20161030,2016-10-31,PHB20161030_0,0,0.8,0.16,0.7
PHB20161030,2016-10-31,PHB20161030_10,10,0.8,0.16,0.7
PHB20161030,2016-10-31,PHB20161030_20,20,0.8,0.16,0.7
PHB20161030,2016-10-31,PHB20161030_25,25,0.8,0.19,0.7
PHB20161030,2016-10-31,PHB20161030_30,30,0.9,0.26,0.8
PHB20161030,2016-10-31,PHB20161030_40,40,2.5,0.27,1.3
PHB20161030,2016-10-31,PHB20161030_50,50,7.8,0.61,3.0
PHB20161030,2016-10-31,PHB20161030_60,60,8.2,0.59,3.0
PHB20161030,2016-10-31,PHB20161030_75,75,9.8,0.64,3.4
PHB20161030,2016-10-31,PHB20161030_100,100,11.5,0.83,4.1
PHB20161204,2016-12-05,PHB20161204_0,0,0.0,0.1,0.2
PHB20161204,2016-12-05,PHB20161204_10,10,0.0,0.1,0.3
PHB20161204,2016-12-05,PHB20161204_20,20,1.8,0.27,1.0
PHB20161204,2016-12-05,PHB20161204_25,25,1.9,0.34,1.2
PHB20161204,2016-12-05,PHB20161204_30,30,4.0,0.48,1.9
PHB20161204,2016-12-05,PHB20161204_40,40,7.5,0.6,2.9
PHB20161204,2016-12-05,PHB20161204_50,50,5.5,0.45,2.0
PHB20161204,2016-12-05,PHB20161204_60,60,5.8,0.46,2.1
PHB20161204,2016-12-05,PHB20161204_75,75,7.8,0.6,2.9
PHB20161204,2016-12-05,PHB20161204_100,100,9.2,0.71,3.8
PHB20170205,2017-02-06,PHB20170205_0,0,0.0,0.08,0.6
PHB20170205,2017-02-06,PHB20170205_10,10,0.0,0.08,0.6
PHB20170205,2017-02-06,PHB20170205_20,20,0.0,0.1,0.6
PHB20170205,2017-02-06,PHB20170205_25,25,1.0,0.17,0.9
PHB20170205,2017-02-06,PHB20170205_30,30,2.8,0.27,1.5
PHB20170205,2017-02-06,PHB20170205_40,40,5.2,0.4,1.8
PHB20170205,2017-02-06,PHB20170205_50,50,6.7,0.46,2.3
PHB20170205,2017-02-06,PHB20170205_60,60,7.2,0.54,2.5
PHB20170205,2017-02-06,PHB20170205_75,75,8.6,0.65,3.4
PHB20170205,2017-02-06,PHB20170205_100,100,9.5,0.69,4.2
PHB20170321,2017-03-22,PHB20170321_0,0,0.8,0.14,1.7
PHB20170321,2017-03-22,PHB20170321_10,10,0.5,0.14,1.4
PHB20170321,2017-03-22,PHB20170321_20,20,2.4,0.28,1.7
PHB20170321,2017-03-22,PHB20170321_25,25,3.3,0.35,2.1
PHB20170321,2017-03-22,PHB20170321_30,30,4.6,0.41,2.2
PHB20170321,2017-03-22,PHB20170321_40,40,6.5,0.53,2.5
PHB20170321,2017-03-22,PHB20170321_50,50,8.5,0.62,3.3
PHB20170321,2017-03-22,PHB20170321_60,60,8.5,0.63,3.0
PHB20170321,2017-03-22,PHB20170321_75,75,9.8,0.7,3.4
PHB20170321,2017-03-22,PHB20170321_100,100,13.1,0.93,5.2
PHB20170419,2017-04-19,PHB20170419_0,0,0.0,0.0,0.7
PHB20170419,2017-04-19,PHB20170419_10,10,0.0,0.0,0.6
PHB20170419,2017-04-19,PHB20170419_20,20,0.0,0.0,0.7
PHB20170419,2017-04-19,PHB20170419_25,25,0.0,0.06,0.8
PHB20170419,2017-04-19,PHB20170419_30,30,0.7,0.12,0.9
PHB20170419,2017-04-19,PHB20170419_40,40,1.5,0.17,1.2
PHB20170419,2017-04-19,PHB20170419_50,50,4.5,0.39,2.4
PHB20170419,2017-04-19,PHB20170419_60,60,5.6,0.48,2.8
PHB20170419,2017-04-19,PHB20170419_75,75,6.7,0.54,2.8
PHB20170419,2017-04-19,PHB20170419_100,100,8.6,0.66,3.5
PHB20170517,2017-05-18,PHB20170517_0,0,0.4,0.1,0.8
PHB20170517,2017-05-18,PHB20170517_10,10,0.1,0.1,0.8
PHB20170517,2017-05-18,PHB20170517_20,20,0.1,0.1,0.8
PHB20170517,2017-05-18,PHB20170517_25,25,0.2,0.11,0.8
PHB20170517,2017-05-18,PHB20170517_30,30,0.1,0.08,0.8
PHB20170517,2017-05-18,PHB20170517_40,40,0.1,0.08,0.8
PHB20170517,2017-05-18,PHB20170517_50,50,0.6,0.11,0.9
PHB20170517,2017-05-18,PHB20170517_60,60,3.5,0.3,1.6
PHB20170517,2017-05-18,PHB20170517_75,75,5.0,0.41,2.0
PHB20170517,2017-05-18,PHB20170517_100,100,6.5,0.53,2.5
PHB20170614,2017-06-15,PHB20170614_0,0,1.5,0.12,0.7
PHB20170614,2017-06-15,PHB20170614_10,10,0.7,0.12,0.8
PHB20170614,2017-06-15,PHB20170614_20,20,0.7,0.12,0.7
PHB20170614,2017-06-15,PHB20170614_25,25,0.7,0.14,0.8
PHB20170614,2017-06-15,PHB20170614_30,30,0.7,0.15,0.8
PHB20170614,2017-06-15,PHB20170614_40,40,0.7,0.14,0.8
PHB20170614,2017-06-15,PHB20170614_50,50,0.7,0.15,0.8
PHB20170614,2017-06-15,PHB20170614_60,60,0.7,0.15,0.8
PHB20170614,2017-06-15,PHB20170614_75,75,1.1,0.17,0.9
PHB20170614,2017-06-15,PHB20170614_100,100,2.7,0.28,1.4
PHB20170716,2017-07-17,PHB20170716_0,0,1.0,0.14,1.0
PHB20170716,2017-07-17,PHB20170716_10,10,1.0,0.15,1.0
PHB20170716,2017-07-17,PHB20170716_20,20,1.0,0.14,0.9
PHB20170716,2017-07-17,PHB20170716_25,25,1.0,0.15,0.9
PHB20170716,2017-07-17,PHB20170716_30,30,1.0,0.14,1.0
PHB20170716,2017-07-17,PHB20170716_40,40,6.1,0.46,2.2
PHB20170716,2017-07-17,PHB20170716_50,50,1.0,0.21,1.2
PHB20170716,2017-07-17,PHB20170716_60,60,1.4,0.22,1.3
PHB20170716,2017-07-17,PHB20170716_75,75,5.9,0.45,2.2
PHB20170716,2017-07-17,PHB20170716_100,100,6.9,0.54,3.0
PHB20170821,2017-08-22,PHB20170821_0,0,2.1,0.26,1.2
PHB20170821,2017-08-22,PHB20170821_10,10,2.1,0.27,1.2
PHB20170821,2017-08-22,PHB20170821_20,20,2.1,0.26,1.3
PHB20170821,2017-08-22,PHB20170821_25,25,2.2,0.28,1.4
PHB20170821,2017-08-22,PHB20170821_30,30,3.0,0.4,1.6
PHB20170821,2017-08-22,PHB20170821_40,40,3.0,0.31,1.6
PHB20170821,2017-08-22,PHB20170821_50,50,4.5,0.39,2.0
PHB20170821,2017-08-22,PHB20170821_60,60,4.7,0.41,2.2
PHB20170821,2017-08-22,PHB20170821_75,75,4.8,0.45,2.3
PHB20170821,2017-08-22,PHB20170821_100,100,8.0,0.66,3.5
PHB20170921,2017-09-22,PHB20170921_0,0,3.2,0.33,1.5
PHB20170921,2017-09-22,PHB20170921_10,10,3.0,0.33,1.5
PHB20170921,2017-09-22,PHB20170921_20,20,4.2,0.41,1.8
PHB20170921,2017-09-22,PHB20170921_25,25,5.0,0.43,2.0
PHB20170921,2017-09-22,PHB20170921_30,30,5.2,0.45,2.0
PHB20170921,2017-09-22,PHB20170921_40,40,5.3,0.45,2.0
PHB20170921,2017-09-22,PHB20170921_50,50,5.4,0.45,2.0
PHB20170921,2017-09-22,PHB20170921_60,60,5.5,0.46,2.0
PHB20170921,2017-09-22,PHB20170921_75,75,5.7,0.47,2.0
PHB20170921,2017-09-22,PHB20170921_100,100,6.2,0.48,2.2
PHB20171024,2017-10-25,PHB20171024_0,0,0.2,0.16,0.6
PHB20171024,2017-10-25,PHB20171024_10,10,0.2,0.19,0.7
PHB20171024,2017-10-25,PHB20171024_20,20,0.3,0.21,0.8
PHB20171024,2017-10-25,PHB20171024_25,25,2.4,0.41,1.5
PHB20171024,2017-10-25,PHB20171024_30,30,3.4,0.44,1.8
PHB20171024,2017-10-25,PHB20171024_40,40,6.1,0.52,2.6
PHB20171024,2017-10-25,PHB20171024_50,50,7.9,0.6,2.8
PHB20171024,2017-10-25,PHB20171024_60,60,8.0,0.62,3.3
PHB20171024,2017-10-25,PHB20171024_75,75,8.2,0.64,3.7
PHB20171024,2017-10-25,PHB20171024_100,100,8.5,0.67,3.7
PHB20171211,2017-12-12,PHB20171211_0,0,0.0,0.09,0.2
PHB20171211,2017-12-12,PHB20171211_10,10,0.0,0.08,0.0
PHB20171211,2017-12-12,PHB20171211_20,20,0.0,0.12,0.3
PHB20171211,2017-12-12,PHB20171211_25,25,0.3,0.14,0.3
PHB20171211,2017-12-12,PHB20171211_30,30,1.1,0.17,0.2
PHB20171211,2017-12-12,PHB20171211_40,40,0.8,0.18,0.2
PHB20171211,2017-12-12,PHB20171211_50,50,3.6,0.39,1.5
PHB20171211,2017-12-12,PHB20171211_60,60,6.9,0.59,2.8
PHB20171211,2017-12-12,PHB20171211_75,75,7.9,0.56,2.3
PHB20171211,2017-12-12,PHB20171211_100,100,9.1,0.67,3.2
PHB20180123,2018-01-24,PHB20180123_0,0,0.0,0.11,0.6
PHB20180123,2018-01-24,PHB20180123_10,10,0.0,0.11,0.5
PHB20180123,2018-01-24,PHB20180123_20,20,0.0,0.08,0.4
PHB20180123,2018-01-24,PHB20180123_25,25,0.0,0.1,0.4
PHB20180123,2018-01-24,PHB20180123_30,30,0.1,0.09,0.4
PHB20180123,2018-01-24,PHB20180123_40,40,2.6,0.29,1.5
PHB20180123,2018-01-24,PHB20180123_50,50,5.7,0.5,2.3
PHB20180123,2018-01-24,PHB20180123_60,60,7.2,0.59,2.6
PHB20180123,2018-01-24,PHB20180123_75,75,8.4,0.65,3.1
PHB20180123,2018-01-24,PHB20180123_100,100,8.8,0.69,3.3
PHB20180221,2018-02-22,PHB20180221_0,0,0.0,0.09,0.9
PHB20180221,2018-02-22,PHB20180221_10,10,0.0,0.09,0.9
PHB20180221,2018-02-22,PHB20180221_20,20,0.0,0.1,0.8
PHB20180221,2018-02-22,PHB20180221_25,25,0.0,0.12,1.2
PHB20180221,2018-02-22,PHB20180221_30,30,0.2,0.27,1.6
PHB20180221,2018-02-22,PHB20180221_40,40,3.4,0.37,2.0
PHB20180221,2018-02-22,PHB20180221_50,50,7.6,0.59,2.8
PHB20180221,2018-02-22,PHB20180221_60,60,6.9,0.55,2.6
PHB20180221,2018-02-22,PHB20180221_75,75,9.3,0.68,3.6
PHB20180221,2018-02-22,PHB20180221_100,100,10.3,0.77,4.2
PHB20180326,2018-03-27,PHB20180326_0,0,0.0,0.0,0.3
PHB20180326,2018-03-27,PHB20180326_10,10,0.0,0.0,0.3
PHB20180326,2018-03-27,PHB20180326_20,20,0.0,0.05,0.2
PHB20180326,2018-03-27,PHB20180326_25,25,0.0,0.18,0.0
PHB20180326,2018-03-27,PHB20180326_30,30,0.0,0.07,0.0
PHB20180326,2018-03-27,PHB20180326_40,40,3.1,0.32,1.4
PHB20180326,2018-03-27,PHB20180326_50,50,7.8,0.64,3.0
PHB20180326,2018-03-27,PHB20180326_60,60,9.4,0.73,3.6
PHB20180326,2018-03-27,PHB20180326_75,75,9.9,0.75,3.7
PHB20180326,2018-03-27,PHB20180326_100,100,10.5,0.8,4.0
PHB20180528,2018-05-29,PHB20180528_0,0,1.7,0.24,1.0
PHB20180528,2018-05-29,PHB20180528_10,10,1.7,0.22,1.0
PHB20180528,2018-05-29,PHB20180528_20,20,1.7,0.23,1.0
PHB20180528,2018-05-29,PHB20180528_25,25,1.7,0.24,1.0
PHB20180528,2018-05-29,PHB20180528_30,30,1.7,0.23,1.0
PHB20180528,2018-05-29,PHB20180528_40,40,1.7,0.24,0.9
PHB20180528,2018-05-29,PHB20180528_60,60,1.7,0.23,0.9
PHB20180528,2018-05-29,PHB20180528_75,75,1.7,0.22,0.9
PHB20180528,2018-05-29,PHB20180528_100,100,3.1,0.29,1.5
PHB20180626,2018-06-27,PHB20180626_0,0,1.0,0.13,0.7
PHB20180626,2018-06-27,PHB20180626_10,10,1.0,0.14,0.7
PHB20180626,2018-06-27,PHB20180626_20,20,0.9,0.12,0.6
PHB20180626,2018-06-27,PHB20180626_25,25,0.9,0.12,0.7
PHB20180626,2018-06-27,PHB20180626_30,30,1.3,0.12,0.7
PHB20180626,2018-06-27,PHB20180626_40,40,1.4,0.17,0.6
PHB20180626,2018-06-27,PHB20180626_50,50,2.4,0.24,1.1
PHB20180626,2018-06-27,PHB20180626_60,60,3.3,0.31,1.2
PHB20180626,2018-06-27,PHB20180626_75,75,5.0,0.42,1.8
PHB20180626,2018-06-27,PHB20180626_100,100,7.1,0.64,3.0
PHB20180724,2018-07-25,PHB20180724_0,0,2.0,0.21,0.7
PHB20180724,2018-07-25,PHB20180724_10,10,2.0,0.21,0.8
PHB20180724,2018-07-25,PHB20180724_20,20,2.0,0.2,0.7
PHB20180724,2018-07-25,PHB20180724_25,25,2.0,0.21,0.7
PHB20180724,2018-07-25,PHB20180724_30,30,2.1,0.21,0.8
PHB20180724,2018-07-25,PHB20180724_40,40,2.5,0.23,0.9
PHB20180724,2018-07-25,PHB20180724_50,50,2.8,0.3,1.0
PHB20180724,2018-07-25,PHB20180724_60,60,3.2,0.27,1.1
PHB20180724,2018-07-25,PHB20180724_75,75,3.5,0.29,1.2
PHB20180724,2018-07-25,PHB20180724_100,100,4.3,0.34,1.4
PHB20180905,2018-09-05,PHB20180905_0,0,0.4,0.13,0.9
PHB20180905,2018-09-05,PHB20180905_10,10,0.4,0.13,0.9
PHB20180905,2018-09-05,PHB20180905_20,20,0.4,0.11,0.8
PHB20180905,2018-09-05,PHB20180905_25,25,0.4,0.16,0.9
PHB20180905,2018-09-05,PHB20180905_30,30,1.9,0.26,1.2
PHB20180905,2018-09-05,PHB20180905_40,40,2.1,0.26,1.2
PHB20180905,2018-09-05,PHB20180905_50,50,3.0,0.35,1.4
PHB20180905,2018-09-05,PHB20180905_60,60,2.2,0.32,1.4
PHB20180905,2018-09-05,PHB20180905_75,75,2.0,0.3,1.4
PHB20180905,2018-09-05,PHB20180905_100,100,1.5,0.3,1.4
PHB20180927,2018-09-27,PHB20180927_0,0,1.0,0.18,0.9
PHB20180927,2018-09-27,PHB20180927_10,10,0.9,0.17,0.9
PHB20180927,2018-09-27,PHB20180927_20,20,1.0,0.19,0.9
PHB20180927,2018-09-27,PHB20180927_25,25,3.0,0.35,1.6
PHB20180927,2018-09-27,PHB20180927_30,30,3.1,0.35,1.7
PHB20180927,2018-09-27,PHB20180927_40,40,4.3,0.48,2.2
PHB20180927,2018-09-27,PHB20180927_50,50,5.4,0.48,2.5
PHB20180927,2018-09-27,PHB20180927_60,60,5.7,0.49,2.5
PHB20180927,2018-09-27,PHB20180927_75,75,6.3,0.51,2.8
PHB20180927,2018-09-27,PHB20180927_100,100,7.3,0.58,3.3
PHB20181120,2018-11-21,PHB20181120_0,0,0.6,0.18,0.7
PHB20181120,2018-11-21,PHB20181120_10,10,0.8,0.26,0.8
PHB20181120,2018-11-21,PHB20181120_20,20,8.3,0.69,2.9
PHB20181120,2018-11-21,PHB20181120_25,25,8.9,0.71,2.9
PHB20181120,2018-11-21,PHB20181120_30,30,10.0,0.78,3.3
PHB20181120,2018-11-21,PHB20181120_40,40,10.4,0.79,3.6
PHB20181120,2018-11-21,PHB20181120_50,50,10.5,0.77,3.6
PHB20181120,2018-11-21,PHB20181120_60,60,9.5,0.7,3.3
PHB20181120,2018-11-21,PHB20181120_75,75,10.3,0.75,3.8
PHB20181120,2018-11-21,PHB20181120_100,100,9.9,0.73,3.9
PHB20181218,2018-12-19,PHB20181218_0,0,0.0,0.08,0.0
PHB20181218,2018-12-19,PHB20181218_10,10,0.0,0.09,0.0
PHB20181218,2018-12-19,PHB20181218_20,20,1.0,0.24,0.9
PHB20181218,2018-12-19,PHB20181218_25,25,3.3,0.38,1.5
PHB20181218,2018-12-19,PHB20181218_30,30,6.8,0.56,2.7
PHB20181218,2018-12-19,PHB20181218_40,40,8.9,0.63,3.0
PHB20181218,2018-12-19,PHB20181218_50,50,10.4,0.74,3.7
PHB20181218,2018-12-19,PHB20181218_60,60,9.6,0.7,3.3
PHB20181218,2018-12-19,PHB20181218_75,75,10.3,0.75,4.3
PHB20181218,2018-12-19,PHB20181218_100,100,10.5,0.77,4.4
PHB20190121,2019-01-22,PHB20190121_0,0,0.0,0.06,0.0
PHB20190121,2019-01-22,PHB20190121_10,10,0.0,0.08,0.0
PHB20190121,2019-01-22,PHB20190121_20,20,0.1,0.09,0.0
PHB20190121,2019-01-22,PHB20190121_25,25,0.2,0.19,0.0
PHB20190121,2019-01-22,PHB20190121_30,30,0.1,0.13,0.0
PHB20190121,2019-01-22,PHB20190121_40,40,0.4,0.26,0.2
PHB20190121,2019-01-22,PHB20190121_50,50,7.5,0.58,2.3
PHB20190121,2019-01-22,PHB20190121_60,60,8.7,0.76,2.8
PHB20190121,2019-01-22,PHB20190121_75,75,9.5,0.69,3.0
PHB20190121,2019-01-22,PHB20190121_100,100,11.5,0.85,4.8
PHB20190227,2019-02-28,PHB20190227_0,0,0.0,0.0,0.4
PHB20190227,2019-02-28,PHB20190227_10,10,0.0,0.0,0.4
PHB20190227,2019-02-28,PHB20190227_20,20,0.0,0.0,0.4
PHB20190227,2019-02-28,PHB20190227_25,25,0.0,0.0,0.4
PHB20190227,2019-02-28,PHB20190227_30,30,0.0,0.0,0.4
PHB20190227,2019-02-28,PHB20190227_40,40,0.2,0.08,0.3
PHB20190227,2019-02-28,PHB20190227_50,50,1.8,0.26,1.3
PHB20190227,2019-02-28,PHB20190227_60,60,3.6,0.39,2.3
PHB20190227,2019-02-28,PHB20190227_75,75,4.9,0.48,3.0
PHB20190227,2019-02-28,PHB20190227_100,100,8.2,0.72,4.8
PHB20190408,2019-04-09,PHB20190408_0,0,0.0,0.09,0.5
PHB20190408,2019-04-09,PHB20190408_10,10,0.0,0.09,0.6
PHB20190408,2019-04-09,PHB20190408_20,20,0.1,0.13,0.6
PHB20190408,2019-04-09,PHB20190408_25,25,0.9,0.15,0.8
PHB20190408,2019-04-09,PHB20190408_30,30,3.2,0.36,1.8
PHB20190408,2019-04-09,PHB20190408_40,40,3.2,0.39,1.8
PHB20190408,2019-04-09,PHB20190408_50,50,4.9,0.44,2.1
PHB20190408,2019-04-09,PHB20190408_60,60,7.3,0.59,2.9
PHB20190408,2019-04-09,PHB20190408_75,75,10.8,0.84,4.7
PHB20190408,2019-04-09,PHB20190408_100,100,10.8,0.85,4.7
PHB20190522,2019-05-23,PHB20190522_0,0,0.7,0.05,0.0
PHB20190522,2019-05-23,PHB20190522_10,10,0.0,0.05,0.0
PHB20190522,2019-05-23,PHB20190522_20,20,0.0,0.06,0.0
PHB20190522,2019-05-23,PHB20190522_25,25,0.1,0.07,0.2
PHB20190522,2019-05-23,PHB20190522_30,30,0.3,0.1,0.4
PHB20190522,2019-05-23,PHB20190522_40,40,3.5,0.33,1.5
PHB20190522,2019-05-23,PHB20190522_50,50,5.4,0.45,2.2
PHB20190522,2019-05-23,PHB20190522_60,60,6.7,0.56,3.2
PHB20190522,2019-05-23,PHB20190522_75,75,8.3,0.7,3.7
PHB20190522,2019-05-23,PHB20190522_100,100,8.8,0.71,4.0
PHB20190626,2019-06-27,PHB20190626_0,0,1.3,0.2,0.9
PHB20190626,2019-06-27,PHB20190626_10,10,1.4,0.19,0.8
PHB20190626,2019-06-27,PHB20190626_20,20,1.3,0.19,0.9
PHB20190626,2019-06-27,PHB20190626_25,25,1.4,0.21,0.9
PHB20190626,2019-06-27,PHB20190626_30,30,1.5,0.22,0.9
PHB20190626,2019-06-27,PHB20190626_40,40,4.9,0.42,2.1
PHB20190626,2019-06-27,PHB20190626_50,50,8.4,0.65,3.0
PHB20190626,2019-06-27,PHB20190626_60,60,8.8,0.68,3.3
PHB20190626,2019-06-27,PHB20190626_75,75,9.4,0.72,3.7
PHB20190626,2019-06-27,PHB20190626_100,100,10.1,0.79,3.8
PHB20190729,2019-07-29,PHB20190729_0,0,0.0,0.1,0.3
PHB20190729,2019-07-29,PHB20190729_10,10,0.1,0.11,0.3
PHB20190729,2019-07-29,PHB20190729_20,20,0.0,0.11,0.3
PHB20190729,2019-07-29,PHB20190729_25,25,0.1,0.1,0.3
PHB20190729,2019-07-29,PHB20190729_30,30,0.3,0.12,0.3
PHB20190729,2019-07-29,PHB20190729_40,40,0.9,0.17,0.6
PHB20190729,2019-07-29,PHB20190729_50,50,3.0,0.35,1.3
PHB20190729,2019-07-29,PHB20190729_60,60,6.4,0.54,2.3
PHB20190729,2019-07-29,PHB20190729_75,75,8.3,0.64,2.9
PHB20190729,2019-07-29,PHB20190729_100,100,9.8,0.74,3.7
PHB20190827,2019-08-28,PHB20190827_0,0,2.3,0.31,1.1
PHB20190827,2019-08-28,PHB20190827_10,10,2.3,0.71,1.1
PHB20190827,2019-08-28,PHB20190827_20,20,2.6,0.37,1.1
PHB20190827,2019-08-28,PHB20190827_25,25,2.9,0.41,1.3
PHB20190827,2019-08-28,PHB20190827_30,30,2.8,0.38,1.2
PHB20190827,2019-08-28,PHB20190827_40,40,2.8,0.38,1.1
PHB20190827,2019-08-28,PHB20190827_50,50,2.9,0.37,1.2
PHB20190827,2019-08-28,PHB20190827_60,60,7.2,0.59,3.1
PHB20190827,2019-08-28,PHB20190827_75,75,8.3,0.63,3.3
PHB20190827,2019-08-28,PHB20190827_100,100,10.7,1.24,3.9
PHB20190923,2019-09-24,PHB20190923_0,0,0.6,0.16,0.6
PHB20190923,2019-09-24,PHB20190923_10,10,0.6,0.17,0.6
PHB20190923,2019-09-24,PHB20190923_20,20,0.6,0.17,0.6
PHB20190923,2019-09-24,PHB20190923_25,25,0.6,0.16,0.7
PHB20190923,2019-09-24,PHB20190923_30,30,1.0,0.2,0.8
PHB20190923,2019-09-24,PHB20190923_40,40,5.0,0.51,2.4
PHB20190923,2019-09-24,PHB20190923_50,50,7.9,0.62,3.2
PHB20190923,2019-09-24,PHB20190923_60,60,9.7,0.72,3.8
PHB20190923,2019-09-24,PHB20190923_75,75,10.7,0.77,4.0
PHB20190923,2019-09-24,PHB20190923_100,100,11.3,0.82,4.2
PHB20191028,2019-10-29,PHB20191028_0,0,0.0,0.1,0.3
PHB20191028,2019-10-29,PHB20191028_10,10,0.0,0.1,0.3
PHB20191028,2019-10-29,PHB20191028_20,20,0.0,0.1,0.3
PHB20191028,2019-10-29,PHB20191028_25,25,0.0,0.1,0.3
PHB20191028,2019-10-29,PHB20191028_30,30,0.0,0.1,0.3
PHB20191028,2019-10-29,PHB20191028_40,40,3.7,0.38,1.3
PHB20191028,2019-10-29,PHB20191028_50,50,7.5,0.59,2.7
PHB20191028,2019-10-29,PHB20191028_60,60,7.7,0.61,2.8
PHB20191028,2019-10-29,PHB20191028_75,75,0.0,0.65,3.0
PHB20191028,2019-10-29,PHB20191028_100,100,0.0,0.64,3.0
PHB20191118,2019-11-19,PHB20191118_0,0,0.0,0.1,0.0
PHB20191118,2019-11-19,PHB20191118_10,10,0.0,0.11,0.0
PHB20191118,2019-11-19,PHB20191118_20,20,0.0,0.1,0.0
PHB20191118,2019-11-19,PHB20191118_25,25,0.4,0.15,0.3
PHB20191118,2019-11-19,PHB20191118_30,30,5.2,0.44,1.7
PHB20191118,2019-11-19,PHB20191118_40,40,5.0,0.44,1.6
PHB20191118,2019-11-19,PHB20191118_50,50,5.7,0.48,1.8
PHB20191118,2019-11-19,PHB20191118_60,60,8.3,0.61,2.6
PHB20191118,2019-11-19,PHB20191118_75,75,7.0,0.55,2.3
PHB20191118,2019-11-19,PHB20191118_100,100,7.2,0.58,3.0
PHB20191216,2019-12-17,PHB20191216_0,0,0.0,0.11,0.4
PHB20191216,2019-12-17,PHB20191216_10,10,0.0,0.13,0.5
PHB20191216,2019-12-17,PHB20191216_20,20,0.0,0.14,0.5
PHB20191216,2019-12-17,PHB20191216_25,25,0.0,0.13,0.5
PHB20191216,2019-12-17,PHB20191216_30,30,0.0,0.13,0.5
PHB20191216,2019-12-17,PHB20191216_40,40,2.2,0.34,0.8
PHB20191216,2019-12-17,PHB20191216_50,50,8.5,0.68,2.9
PHB20191216,2019-12-17,PHB20191216_60,60,9.8,0.72,3.5
PHB20191216,2019-12-17,PHB20191216_75,75,9.6,0.71,3.9
PHB20191216,2019-12-17,PHB20191216_100,100,9.2,0.72,4.1
PHB20200224,2020-02-25,PHB20200224_0,0,0.8,0.12,0.5
PHB20200224,2020-02-25,PHB20200224_10,10,3.2,0.33,1.4
PHB20200224,2020-02-25,PHB20200224_20,20,5.2,0.48,2.1
PHB20200224,2020-02-25,PHB20200224_25,25,5.7,0.51,2.2
PHB20200224,2020-02-25,PHB20200224_30,30,6.2,0.53,2.1
PHB20200224,2020-02-25,PHB20200224_40,40,8.4,0.66,3.2
PHB20200224,2020-02-25,PHB20200224_50,50,9.6,0.71,3.5
PHB20200224,2020-02-25,PHB20200224_60,60,10.0,0.75,3.6
PHB20200224,2020-02-25,PHB20200224_75,75,12.3,0.91,5.2
PHB20200224,2020-02-25,PHB20200224_100,100,13.4,0.96,5.9
PHB20200520,2020-05-20,PHB20200520_0,0,0.1,0.11,1.0
PHB20200520,2020-05-20,PHB20200520_10,10,0.2,0.1,1.0
PHB20200520,2020-05-20,PHB20200520_20,20,0.2,0.12,1.0
PHB20200520,2020-05-20,PHB20200520_25,25,0.8,0.15,1.2
PHB20200520,2020-05-20,PHB20200520_30,30,2.3,0.27,1.7
PHB20200520,2020-05-20,PHB20200520_40,40,3.7,0.36,2.2
PHB20200520,2020-05-20,PHB20200520_50,50,5.2,0.49,2.8
PHB20200520,2020-05-20,PHB20200520_60,60,0.1,0.11,1.0
PHB20200520,2020-05-20,PHB20200520_75,75,1.8,0.24,1.6
PHB20200520,2020-05-20,PHB20200520_100,100,5.7,0.46,2.9
PHB20200609,2020-06-10,PHB20200609_0,0,1.1,0.17,1.1
PHB20200609,2020-06-10,PHB20200609_10,10,1.1,0.17,1.2
PHB20200609,2020-06-10,PHB20200609_20,20,1.2,0.16,1.2
PHB20200609,2020-06-10,PHB20200609_25,25,1.2,0.18,1.2
PHB20200609,2020-06-10,PHB20200609_30,30,1.4,0.19,1.2
PHB20200609,2020-06-10,PHB20200609_40,40,1.8,0.22,1.4
PHB20200609,2020-06-10,PHB20200609_50,50,3.9,0.37,2.0
PHB20200609,2020-06-10,PHB20200609_60,60,5.5,0.46,2.6
PHB20200609,2020-06-10,PHB20200609_75,75,6.0,0.49,2.8
PHB20200609,2020-06-10,PHB20200609_100,100,7.8,0.65,3.6
PHB20200630,2020-07-01,PHB20200630_0,0,1.4,0.23,0.7
PHB20200630,2020-07-01,PHB20200630_10,10,1.3,0.13,0.7
PHB20200630,2020-07-01,PHB20200630_20,20,1.4,0.17,0.7
PHB20200630,2020-07-01,PHB20200630_25,25,1.2,0.16,0.8
PHB20200630,2020-07-01,PHB20200630_30,30,1.4,0.19,0.8
PHB20200630,2020-07-01,PHB20200630_40,40,1.4,0.19,0.8
PHB20200630,2020-07-01,PHB20200630_50,50,1.3,0.18,0.8
PHB20200630,2020-07-01,PHB20200630_60,60,1.3,0.18,0.8
PHB20200630,2020-07-01,PHB20200630_75,75,2.6,0.32,1.2
PHB20200630,2020-07-01,PHB20200630_100,100,4.2,0.4,2.0
PHB20200812,2020-08-13,PHB20200812_0,0,4.5,0.31,3.8
PHB20200812,2020-08-13,PHB20200812_10,10,2.4,0.25,1.2
PHB20200812,2020-08-13,PHB20200812_20,20,3.1,0.25,1.2
PHB20200812,2020-08-13,PHB20200812_25,25,3.4,0.28,1.3
PHB20200812,2020-08-13,PHB20200812_30,30,3.1,0.27,1.3
PHB20200812,2020-08-13,PHB20200812_40,40,3.3,0.28,1.3
PHB20200812,2020-08-13,PHB20200812_50,50,3.6,0.31,1.4
PHB20200812,2020-08-13,PHB20200812_60,60,3.4,0.29,1.4
PHB20200812,2020-08-13,PHB20200812_75,75,3.9,0.33,1.6
PHB20200812,2020-08-13,PHB20200812_100,100,7.4,0.58,2.9
PHB20200831,2020-09-01,PHB20200831_0,0,1.1,0.2,0.5
PHB20200831,2020-09-01,PHB20200831_10,10,1.1,0.2,0.5
PHB20200831,2020-09-01,PHB20200831_20,20,1.1,0.21,0.6
PHB20200831,2020-09-01,PHB20200831_25,25,1.1,0.2,0.6
PHB20200831,2020-09-01,PHB20200831_30,30,2.0,0.25,0.8
PHB20200831,2020-09-01,PHB20200831_40,40,2.4,0.27,0.9
PHB20200831,2020-09-01,PHB20200831_50,50,2.9,0.3,1.1
PHB20200831,2020-09-01,PHB20200831_60,60,2.9,0.3,1.1
PHB20200831,2020-09-01,PHB20200831_75,75,2.1,0.3,0.8
PHB20200831,2020-09-01,PHB20200831_100,100,2.0,0.28,0.8
PHB20200922,2020-09-23,PHB20200922_0,0,0.2,0.16,0.5
PHB20200922,2020-09-23,PHB20200922_10,10,0.4,0.17,0.6
PHB20200922,2020-09-23,PHB20200922_20,20,4.9,0.47,2.1
PHB20200922,2020-09-23,PHB20200922_25,25,7.7,0.62,3.3
PHB20200922,2020-09-23,PHB20200922_30,30,9.0,0.69,3.7
PHB20200922,2020-09-23,PHB20200922_40,40,9.1,0.7,3.6
PHB20200922,2020-09-23,PHB20200922_50,50,9.1,0.68,3.4
PHB20200922,2020-09-23,PHB20200922_60,60,10.2,0.73,4.2
PHB20200922,2020-09-23,PHB20200922_75,75,10.4,0.77,4.3
PHB20200922,2020-09-23,PHB20200922_100,100,11.4,0.85,4.4
PHB20201013,2020-10-14,PHB20201013_0,0,0.4,0.17,0.7
PHB20201013,2020-10-14,PHB20201013_10,10,0.4,0.17,0.7
PHB20201013,2020-10-14,PHB20201013_20,20,0.5,0.17,0.7
PHB20201013,2020-10-14,PHB20201013_25,25,0.4,0.19,0.7
PHB20201013,2020-10-14,PHB20201013_30,30,0.6,0.17,0.7
PHB20201013,2020-10-14,PHB20201013_40,40,5.8,0.5,2.2
PHB20201013,2020-10-14,PHB20201013_50,50,10.7,0.75,4.0
PHB20201013,2020-10-14,PHB20201013_60,60,10.7,0.79,4.4
PHB20201013,2020-10-14,PHB20201013_75,75,10.5,0.77,4.3
PHB20201013,2020-10-14,PHB20201013_100,100,10.7,0.8,4.7
PHB20201110,2020-11-11,PHB20201110_0,0,,,
PHB20201110,2020-11-11,PHB20201110_10,10,,,
PHB20201110,2020-11-11,PHB20201110_20,20,,,
PHB20201110,2020-11-11,PHB20201110_25,25,,,
PHB20201110,2020-11-11,PHB20201110_30,30,,,
PHB20201110,2020-11-11,PHB20201110_40,40,,,
PHB20201110,2020-11-11,PHB20201110_50,50,,,
PHB20201110,2020-11-11,PHB20201110_60,60,,,
PHB20201110,2020-11-11,PHB20201110_75,75,,,
PHB20201110,2020-11-11,PHB20201110_100,100,,,
PHB20210210,2021-02-11,PHB20210210_0,0,0.0,0.1,0.4
PHB20210210,2021-02-11,PHB20210210_10,10,0.1,0.23,0.4
PHB20210210,2021-02-11,PHB20210210_20,20,0.0,0.08,0.4
PHB20210210,2021-02-11,PHB20210210_25,25,0.0,0.07,0.3
PHB20210210,2021-02-11,PHB20210210_30,30,0.0,0.13,0.0
PHB20210210,2021-02-11,PHB20210210_40,40,2.3,0.28,1.0
PHB20210210,2021-02-11,PHB20210210_50,50,8.8,0.66,3.0
PHB20210210,2021-02-11,PHB20210210_60,60,9.7,0.73,3.3
PHB20210210,2021-02-11,PHB20210210_75,75,10.8,0.8,3.7
PHB20210210,2021-02-11,PHB20210210_100,100,10.5,0.82,4.1
PHB20210310,2021-03-11,PHB20210310_0,0,0.2,0.11,1.3
PHB20210310,2021-03-11,PHB20210310_10,10,0.2,0.1,1.3
PHB20210310,2021-03-11,PHB20210310_20,20,1.6,0.23,1.7
PHB20210310,2021-03-11,PHB20210310_25,25,0.3,0.15,1.1
PHB20210310,2021-03-11,PHB20210310_30,30,1.9,0.27,1.7
PHB20210310,2021-03-11,PHB20210310_40,40,3.8,0.47,2.4
PHB20210310,2021-03-11,PHB20210310_50,50,6.4,0.54,3.0
PHB20210310,2021-03-11,PHB20210310_60,60,8.5,0.65,3.3
PHB20210310,2021-03-11,PHB20210310_75,75,10.8,0.8,4.2
PHB20210310,2021-03-11,PHB20210310_100,100,10.9,0.8,4.4
PHB20210421,2021-04-22,PHB20210421_0,0,0.6,0.14,1.0
PHB20210421,2021-04-22,PHB20210421_10,10,0.6,0.15,1.0
PHB20210421,2021-04-22,PHB20210421_20,20,0.6,0.15,1.0
PHB20210421,2021-04-22,PHB20210421_25,25,0.6,0.15,1.0
PHB20210421,2021-04-22,PHB20210421_30,30,0.6,0.16,1.0
PHB20210421,2021-04-22,PHB20210421_40,40,2.0,0.27,1.4
PHB20210421,2021-04-22,PHB20210421_50,50,2.8,0.39,1.8
PHB20210421,2021-04-22,PHB20210421_60,60,3.9,0.52,1.9
PHB20210421,2021-04-22,PHB20210421_75,75,4.3,0.38,1.6
PHB20210421,2021-04-22,PHB20210421_100,100,5.0,0.46,2.5
PHB20210519,2021-05-20,PHB20210519_0,0,0.4,0.11,1.1
PHB20210519,2021-05-20,PHB20210519_10,10,0.4,0.12,1.2
PHB20210519,2021-05-20,PHB20210519_20,20,0.4,0.12,1.1
PHB20210519,2021-05-20,PHB20210519_25,25,0.4,0.12,1.1
PHB20210519,2021-05-20,PHB20210519_30,30,0.4,0.12,1.1
PHB20210519,2021-05-20,PHB20210519_40,40,0.4,0.12,1.1
PHB20210519,2021-05-20,PHB20210519_50,50,0.5,0.13,1.1
PHB20210519,2021-05-20,PHB20210519_60,60,1.1,0.18,1.2
PHB20210519,2021-05-20,PHB20210519_75,75,2.2,0.24,1.4
PHB20210519,2021-05-20,PHB20210519_100,100,3.0,0.29,1.7
PHB20210615,2021-06-16,PHB20210615_0,0,0.8,0.16,1.0
PHB20210615,2021-06-16,PHB20210615_10,10,0.8,0.13,1.0
PHB20210615,2021-06-16,PHB20210615_20,20,1.0,0.14,1.0
PHB20210615,2021-06-16,PHB20210615_25,25,1.1,0.16,1.1
PHB20210615,2021-06-16,PHB20210615_30,30,1.5,0.2,1.3
PHB20210615,2021-06-16,PHB20210615_40,40,1.6,0.19,1.3
PHB20210615,2021-06-16,PHB20210615_50,50,2.9,0.26,1.7
PHB20210615,2021-06-16,PHB20210615_60,60,4.8,0.39,2.1
PHB20210615,2021-06-16,PHB20210615_75,75,4.4,0.36,1.9
PHB20210615,2021-06-16,PHB20210615_100,100,7.5,0.58,2.9
PHB20211027,2021-10-28,PHB20211027_0,0,0.0,0.17,0.5
PHB20211027,2021-10-28,PHB20211027_10,10,0.3,0.17,0.9
PHB20211027,2021-10-28,PHB20211027_20,20,0.1,0.14,1.0
PHB20211027,2021-10-28,PHB20211027_25,25,0.0,0.14,1.0
PHB20211027,2021-10-28,PHB20211027_30,30,0.1,0.16,1.0
PHB20211027,2021-10-28,PHB20211027_40,40,0.1,0.15,0.9
PHB20211027,2021-10-28,PHB20211027_50,50,2.3,0.32,1.7
PHB20211027,2021-10-28,PHB20211027_60,60,7.9,0.72,3.5
PHB20211027,2021-10-28,PHB20211027_75,75,10.1,0.76,3.7
PHB20211027,2021-10-28,PHB20211027_100,100,12.6,0.96,4.9
PHB20211109,2021-11-10,PHB20211109_0,0,0.0,0.2,0.3
PHB20211109,2021-11-10,PHB20211109_10,10,0.0,0.15,0.0
PHB20211109,2021-11-10,PHB20211109_20,20,3.5,0.42,1.0
PHB20211109,2021-11-10,PHB20211109_25,25,6.2,0.57,2.1
PHB20211109,2021-11-10,PHB20211109_30,30,5.7,0.56,2.0
PHB20211109,2021-11-10,PHB20211109_40,40,9.1,0.72,3.1
PHB20211109,2021-11-10,PHB20211109_50,50,9.8,0.74,3.5
PHB20211109,2021-11-10,PHB20211109_60,60,9.1,0.71,3.5
PHB20211109,2021-11-10,PHB20211109_75,75,10.6,0.82,4.4
PHB20211109,2021-11-10,PHB20211109_100,100,12.7,0.96,5.3
PHB20211124,2021-11-25,PHB20211124_0,0,0.2,0.13,0.8
PHB20211124,2021-11-25,PHB20211124_10,10,0.2,0.15,0.8
PHB20211124,2021-11-25,PHB20211124_20,20,0.3,0.14,0.8
PHB20211124,2021-11-25,PHB20211124_25,25,1.1,0.29,0.9
PHB20211124,2021-11-25,PHB20211124_30,30,6.5,0.56,2.3
PHB20211124,2021-11-25,PHB20211124_40,40,9.4,0.7,3.2
PHB20211124,2021-11-25,PHB20211124_50,50,10.9,0.83,4.0
PHB20211124,2021-11-25,PHB20211124_60,60,11.3,0.83,4.4
PHB20211124,2021-11-25,PHB20211124_75,75,11.3,0.83,4.4
PHB20211124,2021-11-25,PHB20211124_100,100,11.3,0.86,4.7
PHB20211215,2021-12-16,PHB20211215_0,0,0.0,0.07,0.0
PHB20211215,2021-12-16,PHB20211215_10,10,0.0,0.1,0.0
PHB20211215,2021-12-16,PHB20211215_20,20,0.0,0.08,0.0
PHB20211215,2021-12-16,PHB20211215_25,25,0.0,0.1,0.0
PHB20211215,2021-12-16,PHB20211215_30,30,0.0,0.18,0.0
PHB20211215,2021-12-16,PHB20211215_40,40,1.0,0.2,0.3
PHB20211215,2021-12-16,PHB20211215_50,50,4.5,0.52,2.6
PHB20211215,2021-12-16,PHB20211215_60,60,7.8,0.66,3.6
PHB20211215,2021-12-16,PHB20211215_75,75,7.0,0.52,2.6
PHB20211215,2021-12-16,PHB20211215_100,100,7.5,0.57,2.7
PHB20220123,2022-01-24,PHB20220123_0,0,0.0,0.0,0.0
PHB20220123,2022-01-24,PHB20220123_10,10,0.0,0.05,0.0
PHB20220123,2022-01-24,PHB20220123_20,20,0.0,0.19,0.0
PHB20220123,2022-01-24,PHB20220123_25,25,0.2,0.27,0.3
PHB20220123,2022-01-24,PHB20220123_30,30,0.9,0.22,0.5
PHB20220123,2022-01-24,PHB20220123_40,40,3.3,0.4,1.1
PHB20220123,2022-01-24,PHB20220123_50,50,10.9,0.87,4.3
PHB20220123,2022-01-24,PHB20220123_60,60,11.4,0.87,4.3
PHB20220123,2022-01-24,PHB20220123_75,75,12.4,0.93,5.0
PHB20220123,2022-01-24,PHB20220123_100,100,13.9,1.0,5.3
PHB20220216,2022-02-17,PHB20220216_0,0,0.0,0.08,0.9
PHB20220216,2022-02-17,PHB20220216_10,10,0.0,0.05,0.7
PHB20220216,2022-02-17,PHB20220216_20,20,0.0,0.06,0.2
PHB20220216,2022-02-17,PHB20220216_25,25,0.3,0.12,0.4
PHB20220216,2022-02-17,PHB20220216_30,30,1.4,0.2,1.2
PHB20220216,2022-02-17,PHB20220216_40,40,5.5,0.54,3.1
PHB20220216,2022-02-17,PHB20220216_50,50,8.2,0.71,4.4
PHB20220216,2022-02-17,PHB20220216_60,60,9.3,0.78,4.8
PHB20220216,2022-02-17,PHB20220216_75,75,12.0,0.98,6.0
PHB20220216,2022-02-17,PHB20220216_100,100,14.2,0.95,5.9
PHB20220316,2022-03-17,PHB20220316_0,0,0.0,0.05,7.0
PHB20220316,2022-03-17,PHB20220316_10,10,0.6,0.11,1.7
PHB20220316,2022-03-17,PHB20220316_20,20,0.0,0.06,0.6
PHB20220316,2022-03-17,PHB20220316_25,25,0.3,0.08,0.7
PHB20220316,2022-03-17,PHB20220316_30,30,0.8,0.14,1.0
PHB20220316,2022-03-17,PHB20220316_40,40,0.8,0.14,1.0
PHB20220316,2022-03-17,PHB20220316_50,50,8.0,0.64,3.5
PHB20220316,2022-03-17,PHB20220316_60,60,8.6,0.68,3.2
PHB20220316,2022-03-17,PHB20220316_75,75,8.9,0.66,3.2
PHB20220316,2022-03-17,PHB20220316_100,100,10.3,0.75,4.0
PHB20220426,2022-04-27,PHB20220426_0,0,0.0,0.05,1.2
PHB20220426,2022-04-27,PHB20220426_10,10,0.0,0.06,1.2
PHB20220426,2022-04-27,PHB20220426_20,20,0.6,0.08,1.1
PHB20220426,2022-04-27,PHB20220426_25,25,4.1,0.33,2.1
PHB20220426,2022-04-27,PHB20220426_30,30,5.9,0.46,2.5
PHB20220426,2022-04-27,PHB20220426_40,40,6.8,0.54,2.8
PHB20220426,2022-04-27,PHB20220426_50,50,7.8,0.6,3.0
PHB20220426,2022-04-27,PHB20220426_60,60,8.3,0.61,3.2
PHB20220426,2022-04-27,PHB20220426_75,75,10.2,0.75,4.2
PHB20220426,2022-04-27,PHB20220426_100,100,11.4,0.83,4.8
PHB20220629,2022-06-29,PHB20220629_0,0,0.4,0.1,0.8
PHB20220629,2022-06-29,PHB20220629_10,10,0.4,0.1,0.8
PHB20220629,2022-06-29,PHB20220629_20,20,0.6,0.11,0.8
PHB20220629,2022-06-29,PHB20220629_25,25,0.6,0.13,0.8
PHB20220629,2022-06-29,PHB20220629_30,30,0.7,0.11,0.8
PHB20220629,2022-06-29,PHB20220629_40,40,0.7,0.12,0.9
PHB20220629,2022-06-29,PHB20220629_50,50,0.8,0.16,0.9
PHB20220629,2022-06-29,PHB20220629_60,60,2.5,0.21,1.3
PHB20220629,2022-06-29,PHB20220629_75,75,6.3,0.43,1.9
PHB20220629,2022-06-29,PHB20220629_100,100,7.8,0.57,2.5
PHB20220802,2022-08-02,PHB20220802_0,0,0.9,0.16,
PHB20220802,2022-08-02,PHB20220802_10,10,0.9,0.15,1.1
PHB20220802,2022-08-02,PHB20220802_20,20,4.5,0.42,2.2
PHB20220802,2022-08-02,PHB20220802_25,25,1.0,0.14,1.1
PHB20220802,2022-08-02,PHB20220802_30,30,1.0,0.15,1.1
PHB20220802,2022-08-02,PHB20220802_40,40,3.4,0.31,1.6
PHB20220802,2022-08-02,PHB20220802_50,50,8.1,0.61,3.0
PHB20220802,2022-08-02,PHB20220802_60,60,9.1,0.67,3.3
PHB20220802,2022-08-02,PHB20220802_75,75,9.9,0.72,3.6
PHB20220802,2022-08-02,PHB20220802_100,100,10.8,0.78,3.9
PHB20220828,2022-08-29,PHB20220828_0,0,1.1,0.25,0.8
PHB20220828,2022-08-29,PHB20220828_10,10,1.1,0.22,0.8
PHB20220828,2022-08-29,PHB20220828_20,20,1.1,0.25,0.8
PHB20220828,2022-08-29,PHB20220828_25,25,1.0,0.2,0.7
PHB20220828,2022-08-29,PHB20220828_30,30,1.0,0.19,0.7
PHB20220828,2022-08-29,PHB20220828_40,40,0.9,0.2,0.7
PHB20220828,2022-08-29,PHB20220828_50,50,1.0,0.18,0.7
PHB20220828,2022-08-29,PHB20220828_60,60,2.2,0.29,1.3
PHB20220828,2022-08-29,PHB20220828_75,75,7.7,0.72,3.7
PHB20220828,2022-08-29,PHB20220828_100,100,8.4,0.68,3.8
PHB20220926,2022-09-27,PHB20220926_0,0,0.0,0.09,0.0
PHB20220926,2022-09-27,PHB20220926_10,10,0.0,0.09,0.0
PHB20220926,2022-09-27,PHB20220926_20,20,0.0,0.1,0.0
PHB20220926,2022-09-27,PHB20220926_25,25,0.3,0.13,0.2
PHB20220926,2022-09-27,PHB20220926_30,30,1.6,0.23,0.5
PHB20220926,2022-09-27,PHB20220926_40,40,0.9,0.2,0.3
PHB20220926,2022-09-27,PHB20220926_50,50,3.3,0.4,1.3
PHB20220926,2022-09-27,PHB20220926_60,60,4.8,0.49,2.0
PHB20220926,2022-09-27,PHB20220926_75,75,5.1,0.49,2.1
PHB20220926,2022-09-27,PHB20220926_100,100,5.4,0.47,2.3
PHB20221026,2022-10-27,PHB20221026_0,0,0.0,0.07,0.0
PHB20221026,2022-10-27,PHB20221026_10,10,0.0,0.11,0.0
PHB20221026,2022-10-27,PHB20221026_20,20,0.1,0.16,0.0
PHB20221026,2022-10-27,PHB20221026_25,25,3.5,0.4,0.7
PHB20221026,2022-10-27,PHB20221026_30,30,4.6,0.45,1.0
PHB20221026,2022-10-27,PHB20221026_40,40,6.1,0.51,1.6
PHB20221026,2022-10-27,PHB20221026_50,50,7.9,0.61,2.5
PHB20221026,2022-10-27,PHB20221026_60,60,8.3,0.66,2.8
PHB20221026,2022-10-27,PHB20221026_75,75,8.4,0.66,2.8
PHB20221026,2022-10-27,PHB20221026_100,100,8.4,0.67,2.9
PHB20221114,2022-11-15,PHB20221114_0,0,0.6,0.23,1.0
PHB20221114,2022-11-15,PHB20221114_10,10,3.5,0.39,1.4
PHB20221114,2022-11-15,PHB20221114_20,20,6.0,0.54,2.3
PHB20221114,2022-11-15,PHB20221114_25,25,7.8,0.62,2.2
PHB20221114,2022-11-15,PHB20221114_30,30,7.9,0.62,2.3
PHB20221114,2022-11-15,PHB20221114_40,40,8.7,0.68,3.1
PHB20221114,2022-11-15,PHB20221114_50,50,8.9,0.7,3.5
PHB20221114,2022-11-15,PHB20221114_60,60,8.9,0.69,3.6
PHB20221114,2022-11-15,PHB20221114_75,75,9.0,0.69,3.2
PHB20221114,2022-11-15,PHB20221114_100,100,9.7,0.75,3.4
PHB20221221,2022-12-22,PHB20221221_0,0,0.0,0.08,0.3
PHB20221221,2022-12-22,PHB20221221_10,10,0.0,0.07,0.2
PHB20221221,2022-12-22,PHB20221221_20,20,0.0,0.08,0.3
PHB20221221,2022-12-22,PHB20221221_25,25,0.0,0.11,0.3
PHB20221221,2022-12-22,PHB20221221_30,30,0.0,0.19,0.3
PHB20221221,2022-12-22,PHB20221221_40,40,0.0,0.09,0.3
PHB20221221,2022-12-22,PHB20221221_50,50,0.0,0.1,0.4
PHB20221221,2022-12-22,PHB20221221_60,60,0.8,0.15,0.4
PHB20221221,2022-12-22,PHB20221221_75,75,0.9,0.45,0.5
PHB20221221,2022-12-22,PHB20221221_100,100,5.8,0.49,2.7
PHB20230111,2023-01-12,PHB20230111_0,0,0.0,0.09,0.3
PHB20230111,2023-01-12,PHB20230111_10,10,0.0,0.07,0.4
PHB20230111,2023-01-12,PHB20230111_20,20,0.0,0.06,0.2
PHB20230111,2023-01-12,PHB20230111_25,25,0.0,0.07,0.0
PHB20230111,2023-01-12,PHB20230111_30,30,0.1,0.17,0.2
PHB20230111,2023-01-12,PHB20230111_40,40,5.4,0.43,1.8
PHB20230111,2023-01-12,PHB20230111_50,50,7.2,0.56,2.4
PHB20230111,2023-01-12,PHB20230111_60,60,7.4,0.58,2.6
PHB20230111,2023-01-12,PHB20230111_75,75,8.8,0.67,3.3
PHB20230111,2023-01-12,PHB20230111_100,100,10.5,0.81,4.4
PHB20230215,2023-02-16,PHB20230215_0,0,0.2,0.1,0.0
PHB20230215,2023-02-16,PHB20230215_10,10,0.2,0.11,0.0
PHB20230215,2023-02-16,PHB20230215_20,20,0.2,0.22,0.2
PHB20230215,2023-02-16,PHB20230215_25,25,0.9,0.23,0.6
PHB20230215,2023-02-16,PHB20230215_30,30,2.1,0.32,1.0
PHB20230215,2023-02-16,PHB20230215_40,40,8.6,0.7,2.5
PHB20230215,2023-02-16,PHB20230215_50,50,8.6,0.71,2.5
PHB20230215,2023-02-16,PHB20230215_60,60,9.1,0.73,2.7
PHB20230215,2023-02-16,PHB20230215_75,75,11.6,0.83,4.0
PHB20230215,2023-02-16,PHB20230215_100,100,12.1,0.88,4.3
PHB20230314,2023-03-15,PHB20230314_10,10,0.1,0.11,0.2
PHB20230314,2023-03-15,PHB20230314_25,25,4.2,0.45,1.7
PHB20230314,2023-03-15,PHB20230314_30,30,3.3,0.36,1.9
PHB20230314,2023-03-15,PHB20230314_40,40,5.5,0.51,2.0
PHB20230314,2023-03-15,PHB20230314_50,50,5.7,0.51,2.5
PHB20230314,2023-03-15,PHB20230314_60,60,7.6,0.6,2.8
PHB20230314,2023-03-15,PHB20230314_75,75,8.8,0.67,3.2
PHB20230314,2023-03-15,PHB20230314_100,100,9.8,0.75,3.7
PHB20230418,2023-04-19,PHB20230418_0,0,0.0,0.0,0.4
PHB20230418,2023-04-19,PHB20230418_10,10,0.0,0.08,0.3
PHB20230418,2023-04-19,PHB20230418_20,20,0.0,0.08,0.4
PHB20230418,2023-04-19,PHB20230418_25,25,0.0,0.09,0.5
PHB20230418,2023-04-19,PHB20230418_30,30,0.0,0.1,0.8
PHB20230418,2023-04-19,PHB20230418_40,40,0.4,0.16,1.0
PHB20230418,2023-04-19,PHB20230418_50,50,1.9,0.26,1.8
PHB20230418,2023-04-19,PHB20230418_60,60,5.5,0.49,2.6
PHB20230418,2023-04-19,PHB20230418_75,75,6.3,0.57,3.3
PHB20230418,2023-04-19,PHB20230418_100,100,9.1,0.71,3.4
PHB20230515,2023-05-16,PHB20230515_0,0,,,
PHB20230515,2023-05-16,PHB20230515_10,10,0.5,0.18,1.3
PHB20230515,2023-05-16,PHB20230515_20,20,0.5,0.18,1.3
PHB20230515,2023-05-16,PHB20230515_25,25,0.5,0.23,1.3
PHB20230515,2023-05-16,PHB20230515_30,30,0.5,0.18,1.3
PHB20230515,2023-05-16,PHB20230515_40,40,0.6,0.18,1.4
PHB20230515,2023-05-16,PHB20230515_50,50,1.7,0.26,1.8
PHB20230515,2023-05-16,PHB20230515_60,60,6.4,0.54,3.0
PHB20230515,2023-05-16,PHB20230515_75,75,6.6,0.55,3.1
PHB20230515,2023-05-16,PHB20230515_100,100,5.5,0.47,2.4
PHB20230821,2023-08-22,PHB20230821_0,0,1.1,0.21,1.5
PHB20230821,2023-08-22,PHB20230821_10,10,1.0,0.24,1.5
PHB20230821,2023-08-22,PHB20230821_20,20,1.1,0.21,1.5
PHB20230821,2023-08-22,PHB20230821_25,25,1.1,0.21,1.6
PHB20230821,2023-08-22,PHB20230821_30,30,3.6,0.36,2.1
PHB20230821,2023-08-22,PHB20230821_40,40,3.4,0.31,1.9
PHB20230821,2023-08-22,PHB20230821_50,50,4.3,0.38,2.1
PHB20230821,2023-08-22,PHB20230821_60,60,4.8,0.41,2.2
PHB20230821,2023-08-22,PHB20230821_75,75,5.6,0.47,2.5
PHB20230821,2023-08-22,PHB20230821_100,100,8.0,0.67,3.7
PHB20231010,2023-10-11,PHB20231010_0,0,0.1,0.15,0.3
PHB20231010,2023-10-11,PHB20231010_10,10,0.4,0.18,0.6
PHB20231010,2023-10-11,PHB20231010_20,20,2.6,0.34,1.2
PHB20231010,2023-10-11,PHB20231010_25,25,3.3,0.37,1.5
PHB20231010,2023-10-11,PHB20231010_30,30,3.7,0.42,1.7
PHB20231010,2023-10-11,PHB20231010_40,40,5.1,0.48,2.2
PHB20231010,2023-10-11,PHB20231010_50,50,3.6,0.37,1.5
PHB20231010,2023-10-11,PHB20231010_60,60,3.9,0.4,1.8
PHB20231010,2023-10-11,PHB20231010_75,75,5.9,0.51,2.3
PHB20231010,2023-10-11,PHB20231010_100,100,10.0,0.77,3.8
PHB20231023,2023-10-24,PHB20231023_0,0,0.0,0.17,0.5
PHB20231023,2023-10-24,PHB20231023_10,10,0.0,0.17,0.6
PHB20231023,2023-10-24,PHB20231023_20,20,0.2,0.17,0.6
PHB20231023,2023-10-24,PHB20231023_25,25,1.4,0.33,0.9
PHB20231023,2023-10-24,PHB20231023_30,30,3.2,0.36,1.4
PHB20231023,2023-10-24,PHB20231023_40,40,4.1,0.43,1.6
PHB20231023,2023-10-24,PHB20231023_50,50,5.3,0.49,1.8
PHB20231023,2023-10-24,PHB20231023_60,60,6.5,0.58,2.4
PHB20231023,2023-10-24,PHB20231023_75,75,6.5,0.58,2.4
PHB20231023,2023-10-24,PHB20231023_100,100,10.0,0.78,4.1
PHB20231206,2023-12-07,PHB20231206_0,0,,,
PHB20231206,2023-12-07,PHB20231206_10,10,,,
PHB20231206,2023-12-07,PHB20231206_20,20,,,
PHB20231206,2023-12-07,PHB20231206_25,25,,,
PHB20231206,2023-12-07,PHB20231206_30,30,,,
PHB20231206,2023-12-07,PHB20231206_40,40,,,
PHB20231206,2023-12-07,PHB20231206_50,50,,,
PHB20231206,2023-12-07,PHB20231206_60,60,,,
PHB20231206,2023-12-07,PHB20231206_75,75,,,
PHB20231206,2023-12-07,PHB20231206_100,100,,,
